"Marker","pAUC","pAUC_low","pAUC_hi","Biomarker"
"AARSD1",0.00496031746031746,0,0.0242063492063492,"No"
"ABHD14B",0.00873015873015873,0,0.0319444444444444,"No"
"ABL1",0.0172619047619047,0.00476190476190476,0.0351190476190476,"No"
"ACAA1",0.00535714285714286,0,0.0220238095238095,"No"
"ACAN",0.010515873015873,0.000396825396825395,0.0337301587301587,"No"
"ACE2",0,0,0.0126994047619046,"No"
"ACOX1",0.00892857142857143,0.000595238095238095,0.0226190476190476,"No"
"ACP5",0.00476190476190476,0,0.0246031746031746,"No"
"ACP6",0.0166666666666667,0.000793650793650791,0.0444444444444444,"No"
"ACTA2",0.00813492063492063,0.000198412698412698,0.0277777777777778,"No"
"ACTN4",0.00456349206349206,0,0.0218253968253968,"No"
"ACVRL1",0.00932539682539683,0.00119047619047619,0.0228184523809522,"No"
"ACY1",0.00198412698412698,0,0.0111111111111111,"No"
"ADA",0.00555555555555555,0,0.0263888888888889,"No"
"ADA2",0.0204365079365079,0.00297619047619047,0.0502003968253965,"No"
"ADAM15",0.0113095238095238,0.00138888888888888,0.026984126984127,"No"
"ADAM22",0.0136904761904762,0.00257837301587302,0.03809623015873,"No"
"ADAM23",0.00555555555555555,0,0.0204374999999998,"No"
"ADAM8",0.0285714285714286,0.00853174603174603,0.0529761904761905,"Yes"
"ADAMTS13",0.00595238095238095,0,0.0317460317460317,"No"
"ADAMTS15",0.0117063492063492,0.000595238095238095,0.0325396825396825,"No"
"ADAMTS16",0.0121031746031746,0.000992063492063489,0.0361111111111111,"No"
"ADAMTS8",0.00575396825396826,0,0.0166676587301586,"No"
"ADCYAP1R1",0.00694444444444445,0,0.0291666666666667,"No"
"ADGRB3",0.00714285714285714,0,0.025,"No"
"ADGRE2",0.0119047619047619,0.000793650793650791,0.0359136904761903,"No"
"ADGRG1",0.0184523809523809,0.00595238095238095,0.0347232142857141,"Yes"
"ADGRG2",0.00674603174603174,0,0.0214285714285714,"No"
"ADH4",0.00992063492063491,0.000793650793650791,0.0305555555555555,"No"
"ADM",0.00297619047619047,0,0.0279761904761905,"No"
"AFP",0.00555555555555555,0,0.0166666666666667,"No"
"AGER",0.00555555555555555,0,0.0279781746031743,"No"
"AGR2",0.00952380952380951,0.000992063492063492,0.0311517857142856,"No"
"AGR3",0.00575396825396825,0,0.0160714285714286,"No"
"AGRN",0.0165674603174603,0.00416666666666667,0.0343263888888887,"No"
"AGRP",0.00416666666666666,0,0.0176587301587301,"No"
"AGXT",0.0101190476190476,0.000595238095238093,0.0267857142857143,"No"
"AHCY",0.0194444444444444,0.00436507936507936,0.0398819444444443,"No"
"AHSP",0.00555555555555555,0,0.025,"No"
"AIF1",0.0188492063492063,0.00376984126984127,0.0400793650793651,"No"
"AIFM1",0.00714285714285713,0,0.0222222222222222,"No"
"AK1",0.00218253968253968,0,0.0200396825396825,"No"
"AKR1B1",0.00138888888888889,0,0.0101190476190476,"No"
"AKR1C4",0.00297619047619047,0,0.016468253968254,"No"
"AKT1S1",0.0107142857142857,0.00138789682539683,0.0291666666666667,"No"
"AKT3",0.00912698412698412,0.000396825396825395,0.0251994047619046,"No"
"ALCAM",0.00496031746031746,0,0.027580357142857,"No"
"ALDH1A1",0.00238095238095238,0,0.0222232142857141,"No"
"ALDH3A1",0.00892857142857143,0,0.0325396825396825,"No"
"ALPP",0.00932539682539682,0,0.0327380952380952,"No"
"AMBN",0.0115079365079365,0.00178571428571429,0.0321438492063491,"No"
"AMBP",0.00456349206349206,0,0.0273819444444443,"No"
"AMFR",0.00535714285714286,0,0.0246051587301584,"No"
"AMIGO2",0.0214285714285714,0.00773809523809524,0.0392857142857143,"Yes"
"AMN",0.00496031746031746,0,0.0182549603174602,"No"
"AMY2A",0.0121031746031746,0.00218253968253968,0.0297619047619048,"No"
"AMY2B",0.0126984126984127,0.00178571428571429,0.0325396825396825,"No"
"ANG",0.00357142857142857,0,0.0242063492063492,"No"
"ANGPT1",0,0,0.0101190476190476,"No"
"ANGPT2",0.00416666666666667,0,0.0188492063492063,"No"
"ANGPTL1",0.00654761904761905,0,0.0259920634920635,"No"
"ANGPTL2",0.0148809523809524,0.00257837301587302,0.0339285714285714,"No"
"ANGPTL3",0.0125,0.00218253968253968,0.0283740079365078,"No"
"ANGPTL4",0.0123015873015873,0.000793650793650793,0.0341269841269841,"No"
"ANGPTL7",0.00476190476190476,0,0.0176587301587302,"No"
"ANKRD54",0,0,0.00734126984126984,"No"
"ANPEP",0.00773809523809524,0,0.023612103174603,"No"
"ANXA10",0.0178571428571429,0.00357142857142857,0.0390873015873016,"No"
"ANXA11",0.0130952380952381,0.000595238095238093,0.0386904761904762,"No"
"ANXA3",0.0208333333333333,0.00198412698412698,0.0486111111111111,"No"
"ANXA4",0.0150793650793651,0.000992063492063489,0.0404761904761905,"No"
"ANXA5",0.019047619047619,0.00257936507936508,0.0434543650793648,"No"
"AOC1",0.000992063492063492,0,0.0132946428571427,"No"
"AOC3",0.0128968253968254,0.00198313492063493,0.032143849206349,"No"
"APBB1IP",0.0214285714285714,0.00178571428571429,0.0519851190476189,"No"
"APEX1",0.016468253968254,0.000595238095238095,0.0488095238095238,"No"
"APLP1",0.00992063492063491,0.000992063492063492,0.0234126984126984,"No"
"APOH",0.00714285714285714,0,0.0259930555555554,"No"
"APOM",0.00972222222222222,0.000594246031746039,0.0317470238095236,"No"
"APP",0.00119047619047619,0,0.0158730158730159,"No"
"APRT",0.00833333333333333,0.000396825396825395,0.0265873015873016,"No"
"AREG",0.00555555555555555,0,0.0180565476190475,"No"
"ARG1",0.0224206349206349,0.00119047619047619,0.0492063492063492,"No"
"ARHGAP1",0.0128968253968254,0.00238095238095238,0.0325406746031744,"No"
"ARHGAP25",0.0238095238095238,0.00297619047619048,0.0494047619047619,"No"
"ARHGEF12",0.000595238095238095,0,0.00813591269841254,"No"
"ARID4B",0.0130952380952381,0.00257837301587302,0.0303571428571428,"No"
"ARNT",0.0126984126984127,0.00277777777777778,0.026984126984127,"No"
"ARSA",0.00873015873015872,0,0.0355168650793649,"No"
"ARSB",0.00773809523809524,0,0.025,"No"
"ART3",0.00555555555555555,0,0.0283740079365078,"No"
"ARTN",0.00912698412698412,0.000595238095238093,0.027580357142857,"No"
"ASAH2",0.00317460317460318,0,0.0257946428571427,"No"
"ASGR1",0.00674603174603174,0,0.0242063492063492,"No"
"ATF2",0.00813492063492063,0,0.0313511904761902,"No"
"ATG4A",0.00853174603174603,0,0.0244057539682538,"No"
"ATOX1",0.0208333333333333,0.00634920634920635,0.0436517857142856,"Yes"
"ATP5IF1",0.00753968253968254,0,0.0259930555555554,"No"
"ATP5PO",0.00257936507936508,0,0.0166666666666667,"No"
"ATP6AP2",0.0166666666666667,0.00396825396825397,0.0353174603174603,"No"
"ATP6V1D",0.00892857142857143,0,0.0307539682539682,"No"
"ATP6V1F",0.00753968253968253,0,0.023015873015873,"No"
"ATXN10",0.00476190476190476,0,0.0259920634920635,"No"
"AXIN1",0.00813492063492063,0.000197420634920644,0.030952380952381,"No"
"AXL",0.00833333333333333,0,0.0238095238095238,"No"
"AZU1",0.0234126984126984,0.00297619047619047,0.0456349206349206,"No"
"B4GALT1",0.00535714285714286,0,0.019047619047619,"No"
"B4GAT1",0.0202380952380952,0.00535714285714286,0.042063492063492,"Yes"
"BACH1",0.025,0.0043640873015873,0.0484126984126984,"No"
"BAG3",0.00892857142857143,0.000396825396825395,0.025,"No"
"BAG6",0.0126984126984127,0.00257936507936508,0.0295634920634921,"No"
"BAIAP2",0.00178571428571429,0,0.00912698412698412,"No"
"BAMBI",0.00892857142857143,0,0.0263888888888889,"No"
"BANK1",0.0111111111111111,0.000793650793650791,0.0293650793650794,"No"
"BAX",0.0107142857142857,0.00138888888888888,0.028968253968254,"No"
"BCAM",0.0146825396825397,0.00337301587301587,0.0305555555555555,"No"
"BCAN",0.010515873015873,0,0.029563492063492,"No"
"BCL2L11",0.00357142857142857,0,0.0148809523809524,"No"
"BCR",0.0132936507936508,0.000992063492063492,0.0386904761904762,"No"
"BGN",0.00694444444444445,0,0.0230168650793649,"No"
"BID",0.0160714285714286,0.0047609126984127,0.0327380952380952,"No"
"BIN2",0.0150793650793651,0.00277777777777777,0.0333343253968252,"No"
"BIRC2",0.0165385251322751,0.00357142857142857,0.0422619047619048,"No"
"BLMH",0.00932539682539682,0,0.0273809523809524,"No"
"BLVRB",0.00714285714285714,0,0.0202380952380952,"No"
"BMP4",0.00515873015873016,0,0.0242063492063492,"No"
"BMP6",0.00932539682539682,0,0.0297619047619047,"No"
"BOC",0.00198412698412698,0,0.019643849206349,"No"
"BPIFB1",0.00496031746031746,0,0.0224206349206349,"No"
"BRK1",0.0113095238095238,0.00138888888888889,0.0271825396825397,"No"
"BSG",0.0138888888888889,0.00357142857142857,0.0301587301587301,"No"
"BST1",0.010515873015873,0.00119047619047619,0.0307539682539682,"No"
"BST2",0.00396825396825397,0,0.0158730158730159,"No"
"BTC",0.00138888888888889,0,0.00873065476190468,"No"
"BTN2A1",0.00773809523809524,0,0.0251984126984127,"No"
"BTN3A2",0.0238095238095238,0.00535714285714286,0.0527787698412697,"Yes"
"C19orf12",0.00357142857142857,0,0.0188492063492063,"No"
"C1QA",0.00396825396825397,0,0.0156746031746032,"No"
"C1QTNF1",0.016765873015873,0.00138888888888888,0.0386914682539681,"No"
"C2",0.0130952380952381,0.00238095238095238,0.034127976190476,"No"
"C2CD2L",0.014484126984127,0.00119047619047619,0.0410714285714286,"No"
"C4BPB",0.00476190476190476,0,0.0194444444444444,"No"
"CA1",0.0109126984126984,0.00119047619047619,0.0309523809523809,"No"
"CA11",0.00337301587301587,0,0.0119047619047619,"No"
"CA12",0.00515873015873016,0,0.0214285714285714,"No"
"CA13",0.0113095238095238,0.000992063492063489,0.0287708333333332,"No"
"CA14",0.00873015873015872,0.000198412698412698,0.0309523809523809,"No"
"CA2",0.00496031746031746,0,0.0212311507936506,"No"
"CA3",0.00615079365079365,0,0.0263888888888889,"No"
"CA4",0.0125,0.000595238095238093,0.0375,"No"
"CA5A",0.00555555555555555,0,0.0281755952380951,"No"
"CA6",0.00833333333333333,0,0.0319444444444444,"No"
"CA9",0.00873015873015873,0.000595238095238095,0.0224206349206349,"No"
"CALB1",0.00793650793650794,0,0.0248015873015873,"No"
"CALB2",0.0188492063492063,0.00634920634920635,0.041468253968254,"Yes"
"CALCA",0.00496031746031746,0,0.0242073412698411,"No"
"CALCOCO1",0.00714285714285714,0,0.0255952380952381,"No"
"CAMKK1",0.0182539682539682,0,0.05059623015873,"No"
"CANT1",0.00892857142857143,0,0.0267857142857143,"No"
"CAPG",0.0212301587301587,0.00178571428571428,0.0432539682539682,"No"
"CARHSP1",0.00238095238095238,0,0.0138888888888889,"No"
"CASC4",0.00714285714285714,0,0.0200396825396825,"No"
"CASP1",0.0160714285714286,0.00376984126984127,0.0422619047619048,"No"
"CASP10",0.021031746031746,0.000992063492063489,0.0496041666666665,"No"
"CASP2",0.014484126984127,0.00178472222222223,0.0321428571428571,"No"
"CASP3",0.00496031746031746,0,0.025,"No"
"CASP8",0.0186507936507937,0,0.0446428571428571,"No"
"CBLIF",0.0146825396825397,0.00178571428571429,0.0367063492063492,"No"
"CBLN4",0.0142857142857143,0.00178571428571429,0.0327380952380952,"No"
"CC2D1A",0.016468253968254,0.00277777777777777,0.0378988095238092,"No"
"CCDC80",0.0140873015873016,0.000595238095238095,0.0384920634920635,"No"
"CCL11",0.0132936507936508,0.00198313492063492,0.0343253968253968,"No"
"CCL13",0.0109126984126984,0.00178571428571429,0.0267857142857143,"No"
"CCL14",0.0138888888888889,0.000793650793650791,0.0325396825396825,"No"
"CCL15",0.0107142857142857,0.000992063492063489,0.0275793650793651,"No"
"CCL16",0.00833333333333333,0,0.0309523809523809,"No"
"CCL17",0.0101190476190476,0.000595238095238095,0.0375,"No"
"CCL18",0.0148809523809524,0.00238095238095238,0.0378978174603173,"No"
"CCL19",0.00634920634920634,0,0.0263888888888889,"No"
"CCL2",0.010515873015873,0,0.0353174603174603,"No"
"CCL20",0.014484126984127,0.00277777777777778,0.035515873015873,"No"
"CCL21",0.0128968253968254,0.000793650793650791,0.0303571428571428,"No"
"CCL22",0.0152777777777778,0.00277777777777778,0.0376984126984127,"No"
"CCL23",0.00376984126984127,0,0.0134920634920635,"No"
"CCL24",0.00357142857142857,0,0.0285724206349205,"No"
"CCL25",0.000992063492063492,0,0.0178571428571429,"No"
"CCL26",0.00912698412698412,0.000396825396825395,0.0244057539682538,"No"
"CCL27",0.0170634920634921,0.00138888888888888,0.0442470238095236,"No"
"CCL28",0.0134920634920635,0.00218253968253968,0.0331359126984125,"No"
"CCL3",0.0220238095238095,0.00833333333333333,0.0424613095238094,"Yes"
"CCL4",0.00714285714285714,0,0.0200396825396825,"No"
"CCL5",0.00694444444444444,0,0.033531746031746,"No"
"CCL7",0.0279761904761905,0.0107142857142857,0.0503968253968254,"Yes"
"CCL8",0.00734126984126984,0,0.0283730158730159,"No"
"CCN1",0.0119047619047619,0.00178571428571428,0.0329365079365079,"No"
"CCN2",0.00178571428571429,0,0.0125,"No"
"CCN3",0.0107142857142857,0.000595238095238095,0.0271825396825397,"No"
"CCS",0.00337301587301587,0,0.0184523809523809,"No"
"CCT5",0.00773809523809524,0,0.0279761904761905,"No"
"CD109",0.00714285714285714,0,0.0200396825396825,"No"
"CD14",0.00535714285714286,0,0.019047619047619,"No"
"CD160",0.0246031746031746,0.00654761904761905,0.0480168650793649,"Yes"
"CD163",0.0146825396825397,0.00178571428571429,0.0329365079365079,"No"
"CD164",0.00833333333333333,0,0.0317460317460317,"No"
"CD177",0.00634920634920635,0,0.0257936507936508,"No"
"CD1C",0.0113095238095238,0,0.0436517857142856,"No"
"CD200",0.00892857142857142,0.000198412698412698,0.029564484126984,"No"
"CD200R1",0.00357142857142857,0,0.0146825396825397,"No"
"CD207",0.0128968253968254,0.00178571428571429,0.0347222222222222,"No"
"CD209",0.00535714285714286,0,0.025,"No"
"CD22",0.0136904761904762,0,0.0373015873015873,"No"
"CD244",0.0101190476190476,0.00119047619047619,0.0283730158730159,"No"
"CD27",0.0101190476190476,0.000992063492063492,0.0317460317460317,"No"
"CD274",0.0119047619047619,0,0.0410714285714286,"No"
"CD276",0.00912698412698412,0.000595238095238095,0.0261904761904762,"No"
"CD28",0.0131944444444444,0.000396825396825395,0.0349206349206349,"No"
"CD2AP",0.00119047619047619,0,0.0128968253968254,"No"
"CD300C",0.00972222222222223,0.000396825396825395,0.0287698412698413,"No"
"CD300E",0.0297619047619048,0.0148809523809524,0.0488095238095238,"Yes"
"CD300LF",0.00297619047619048,0,0.0152777777777778,"No"
"CD300LG",0.00476190476190476,0,0.0154761904761905,"No"
"CD302",0.0142857142857143,0.00357142857142857,0.0305555555555555,"No"
"CD33",0.0111111111111111,0,0.0317460317460317,"No"
"CD34",0.0113095238095238,0.00178571428571429,0.0291676587301586,"No"
"CD38",0.0115079365079365,0,0.0333333333333333,"No"
"CD4",0.0170634920634921,0.00357142857142857,0.0428571428571428,"No"
"CD40",0.00416666666666666,0,0.0212301587301587,"No"
"CD40LG",0.00833333333333333,0.000396825396825395,0.0281746031746032,"No"
"CD46",0.00674603174603175,0,0.023015873015873,"No"
"CD48",0.0172619047619048,0.00257936507936508,0.0373015873015873,"No"
"CD5",0.0126984126984127,0.000793650793650791,0.0337301587301587,"No"
"CD55",0.00476190476190476,0,0.0168650793650794,"No"
"CD58",0.00496031746031746,0,0.0148819444444443,"No"
"CD59",0.00853174603174603,0.000595238095238095,0.0232142857142857,"No"
"CD6",0.00793650793650793,0,0.0289692460317459,"No"
"CD63",0.0148809523809524,0.00277777777777778,0.0376984126984127,"No"
"CD69",0.00694444444444445,0,0.0273809523809524,"No"
"CD70",0.0160714285714286,0.00357142857142857,0.0331349206349206,"No"
"CD74",0.0220238095238095,0.0057529761904762,0.0456359126984125,"Yes"
"CD79B",0.0115079365079365,0.000595238095238095,0.0307549603174602,"No"
"CD83",0.0152777777777778,0.00257936507936508,0.0410714285714286,"No"
"CD84",0.000793650793650793,0,0.0140873015873016,"No"
"CD8A",0.00317460317460317,0,0.0146835317460316,"No"
"CD93",0.00714285714285714,0,0.0194444444444444,"No"
"CD97",0.0220238095238095,0.00654761904761905,0.041468253968254,"Yes"
"CD99",0.00476190476190476,0,0.0248015873015873,"No"
"CD99L2",0.00595238095238095,0,0.031548611111111,"No"
"CDC27",0.0142857142857143,0,0.0396845238095235,"No"
"CDC37",0.00892857142857142,0.000198412698412698,0.0357142857142857,"No"
"CDCP1",0.0150793650793651,0.000595238095238093,0.0373015873015873,"No"
"CDH1",0.00456349206349205,0,0.0323412698412698,"No"
"CDH15",0.00515873015873016,0,0.0238095238095238,"No"
"CDH17",0.0142857142857143,0.000992063492063489,0.042063492063492,"No"
"CDH2",0.0196428571428571,0.00634920634920634,0.0376984126984127,"Yes"
"CDH3",0.00714285714285714,0,0.0208333333333333,"No"
"CDH5",0.00138888888888889,0,0.0134920634920635,"No"
"CDH6",0.00138888888888889,0,0.00952480158730142,"No"
"CDHR1",0.00773809523809522,0,0.0361111111111111,"No"
"CDHR2",0.00297619047619048,0,0.0168660714285713,"No"
"CDHR5",0.00833333333333333,0,0.029563492063492,"No"
"CDKN1A",0.00932539682539682,0.000198412698412698,0.0273819444444443,"No"
"CDKN2D",0.0172619047619048,0.00555555555555555,0.0331349206349206,"Yes"
"CDNF",0.0119047619047619,0.00198412698412698,0.0283730158730159,"No"
"CDON",0.00376984126984126,0,0.0222222222222222,"No"
"CDSN",0.00297619047619048,0,0.0248015873015873,"No"
"CEACAM1",0.00257936507936508,0,0.0134920634920635,"No"
"CEACAM21",0.0117063492063492,0,0.0293660714285713,"No"
"CEACAM3",0.00773809523809524,0.000198412698412698,0.0246031746031746,"No"
"CEACAM5",0.00793650793650793,0.000198412698412698,0.0226190476190476,"No"
"CEACAM8",0.0194444444444444,0.00396825396825396,0.0470248015873014,"No"
"CEBPB",0.0162698412698413,0.00198412698412698,0.0422619047619047,"No"
"CELA3A",0.00753968253968254,0,0.0261914682539681,"No"
"CEP164",0.00198412698412698,0,0.0172619047619047,"No"
"CEP85",0.0125,0.00178571428571429,0.0357142857142857,"No"
"CERT",0.0198412698412698,0.00496031746031745,0.0414692460317459,"No"
"CES1",0.00654761904761905,0,0.0242063492063492,"No"
"CES2",0.00873015873015873,0.000594246031746039,0.0224206349206349,"No"
"CES3",0.00277777777777778,0,0.0134920634920635,"No"
"CETN2",0.00892857142857142,0.000396825396825395,0.0234126984126984,"No"
"CFC1",0.0125,0.00238095238095238,0.0299613095238094,"No"
"CGA",0.0134920634920635,0.00257837301587302,0.0307549603174602,"No"
"CGREF1",0.0107142857142857,0.000793650793650791,0.0303581349206348,"No"
"CHAC2",0.00376984126984127,0,0.0236111111111111,"No"
"CHEK2",0.010515873015873,0.00119047619047619,0.0353174603174603,"No"
"CHGB",0.00912698412698413,0.000595238095238093,0.0248015873015873,"No"
"CHI3L1",0.00396825396825397,0,0.0196428571428571,"No"
"CHIT1",0.00992063492063493,0,0.0305565476190475,"No"
"CHL1",0.00376984126984127,0,0.0212301587301587,"No"
"CHMP1A",0.0180555555555555,0.00277777777777777,0.0460327380952379,"No"
"CHRDL1",0.0109126984126984,0,0.0339295634920633,"No"
"CHRDL2",0,0,0.0113105158730157,"No"
"CIAPIN1",0.0136904761904762,0.00277777777777778,0.0327390873015871,"No"
"CKAP4",0.0111111111111111,0.00119047619047619,0.0343263888888887,"No"
"CKMT1A_CKMT1B",0.00833333333333333,0.000396825396825395,0.0234126984126984,"No"
"CLC",0.0180555555555556,0.00476190476190476,0.0384920634920635,"No"
"CLEC10A",0.0140873015873016,0.00178571428571429,0.039484126984127,"No"
"CLEC11A",0.00436507936507936,0,0.0168660714285713,"No"
"CLEC14A",0.00535714285714286,0,0.0218253968253968,"No"
"CLEC1A",0.00555555555555555,0,0.032143849206349,"No"
"CLEC1B",0.00753968253968254,0,0.0196428571428571,"No"
"CLEC4A",0.00773809523809523,0,0.0295634920634921,"No"
"CLEC4C",0.00297619047619047,0,0.0224206349206349,"No"
"CLEC4D",0.0146825396825397,0.00277777777777778,0.0311517857142855,"No"
"CLEC4G",0.00595238095238095,0,0.025,"No"
"CLEC5A",0.0128968253968254,0.000992063492063492,0.046031746031746,"No"
"CLEC6A",0.0188492063492063,0.00277678571428571,0.0444444444444444,"No"
"CLEC7A",0.0123015873015873,0.000793650793650791,0.0365089285714284,"No"
"CLIP2",0.00535714285714286,0,0.025,"No"
"CLMP",0.00773809523809523,0,0.0408740079365078,"No"
"CLPP",0.00456349206349206,0,0.0204374999999998,"No"
"CLPS",0.00833333333333333,0,0.0277777777777778,"No"
"CLSPN",0.00773809523809524,0,0.0228184523809522,"No"
"CLSTN1",0.0130952380952381,0.00178571428571429,0.0323412698412698,"No"
"CLSTN2",0.00892857142857143,0,0.0301587301587302,"No"
"CLTA",0.0128968253968254,0.00218253968253968,0.0343253968253968,"No"
"CLUL1",0.00873015873015873,0.000595238095238093,0.0216269841269841,"No"
"CNDP1",0.00714285714285714,0,0.0214285714285714,"No"
"CNPY2",0.00357142857142857,0,0.0224206349206349,"No"
"CNPY4",0.00654761904761905,0,0.0216269841269841,"No"
"CNST",0.00138888888888889,0,0.0111111111111111,"No"
"CNTN1",0.00714285714285714,0,0.021627976190476,"No"
"CNTN2",0.00476190476190476,0,0.0142857142857143,"No"
"CNTN3",0.00277777777777778,0,0.0113095238095238,"No"
"CNTN4",0.00515873015873015,0,0.0220238095238095,"No"
"CNTN5",0.00853174603174603,0,0.0244047619047619,"No"
"CNTNAP2",0.00813492063492063,0.000396825396825395,0.0188492063492063,"No"
"COL18A1",0.0107142857142857,0.00178571428571429,0.0297619047619048,"No"
"COL1A1",0.00297619047619048,0,0.0160714285714286,"No"
"COL4A1",0.00694444444444445,0,0.0232142857142857,"No"
"COL6A3",0.0125,0.00317460317460317,0.0253978174603173,"No"
"COL9A1",0.0119047619047619,0,0.0384930555555554,"No"
"COLEC12",0.0148809523809524,0.00396825396825397,0.0303571428571428,"No"
"COMP",0.00297619047619048,0,0.015080357142857,"No"
"COMT",0.0162698412698413,0.00277777777777778,0.0412698412698413,"No"
"COPE",0.00357142857142857,0,0.0125,"No"
"CORO1A",0.0162698412698413,0.00456349206349206,0.0349206349206349,"No"
"COX5B",0.00535714285714285,0,0.0196428571428571,"No"
"CPA1",0.0117063492063492,0.000793650793650791,0.0371031746031746,"No"
"CPA2",0.0170634920634921,0.00357142857142857,0.0355168650793649,"No"
"CPB1",0.0136904761904762,0.000992063492063492,0.0376994047619046,"No"
"CPE",0.00198412698412698,0,0.0113095238095238,"No"
"CPM",0.00714285714285714,0,0.0267857142857143,"No"
"CPPED1",0.0138888888888889,0.000793650793650791,0.044643849206349,"No"
"CPVL",0.0142857142857143,0.00277777777777778,0.0311517857142856,"No"
"CPXM1",0.00555555555555555,0,0.0182539682539682,"No"
"CR2",0.00515873015873016,0,0.0184523809523809,"No"
"CRACR2A",0.0165674603174603,0.00357142857142857,0.0384930555555554,"No"
"CRADD",0.0130952380952381,0.00178571428571429,0.0341269841269841,"No"
"CREG1",0.0125,0.00119047619047619,0.031547619047619,"No"
"CRELD2",0.00317460317460318,0,0.019047619047619,"No"
"CRH",0.0142857142857143,0.00119047619047619,0.0347222222222222,"No"
"CRHBP",0.00833333333333333,0.000792658730158737,0.0200406746031744,"No"
"CRHR1",0.0115079365079365,0.000595238095238093,0.0339285714285714,"No"
"CRIM1",0.00753968253968253,0,0.025,"No"
"CRIP2",0.0103174603174603,0.00178571428571429,0.0234126984126984,"No"
"CRISP2",0.00357142857142857,0,0.0174613095238094,"No"
"CRKL",0.0154761904761905,0.00396726190476191,0.0307539682539682,"No"
"CRLF1",0.00357142857142857,0,0.0281746031746032,"No"
"CRNN",0.00357142857142857,0,0.0252003968253965,"No"
"CRTAC1",0.00317460317460317,0,0.0121031746031746,"No"
"CRTAM",0.0242063492063492,0.0107142857142857,0.0406746031746032,"Yes"
"CRX",0.00753968253968254,0,0.0244057539682538,"No"
"CSF1",0.00892857142857143,0,0.0283730158730159,"No"
"CSF2RA",0,0,0.00992063492063492,"No"
"CSF3",0.00634920634920635,0,0.0232152777777776,"No"
"CST3",0.0113095238095238,0.000992063492063492,0.0297628968253967,"No"
"CST5",0.0115079365079365,0.00178571428571429,0.0259920634920635,"No"
"CST6",0.00178571428571429,0,0.0210327380952379,"No"
"CST7",0.00853174603174603,0.000395833333333341,0.025,"No"
"CSTB",0.0134920634920635,0.00218253968253968,0.0357152777777776,"No"
"CTF1",0.00416666666666666,0,0.0178581349206348,"No"
"CTRB1",0.00992063492063492,0.000595238095238095,0.0319444444444444,"No"
"CTRC",0.0119047619047619,0.00198313492063493,0.0293660714285713,"No"
"CTSB",0.00853174603174603,0.000595238095238095,0.0246031746031746,"No"
"CTSC",0.000595238095238093,0,0.010515873015873,"No"
"CTSD",0.0121031746031746,0.000396825396825395,0.0303571428571428,"No"
"CTSF",0.00297619047619048,0,0.021031746031746,"No"
"CTSH",0.0121031746031746,0.00178571428571429,0.0309523809523809,"No"
"CTSL",0.010515873015873,0.00178571428571429,0.0261904761904762,"No"
"CTSO",0.00615079365079365,0,0.0246031746031746,"No"
"CTSS",0.0115079365079365,0.000595238095238093,0.0331349206349206,"No"
"CTSV",0.00238095238095238,0,0.0251994047619046,"No"
"CTSZ",0.00793650793650794,0,0.025,"No"
"CX3CL1",0.0103174603174603,0.00158730158730159,0.0244047619047619,"No"
"CXADR",0.00218253968253968,0,0.0212301587301587,"No"
"CXCL1",0.00357142857142857,0,0.0222232142857141,"No"
"CXCL10",0.0214285714285714,0.00535714285714286,0.0442460317460317,"Yes"
"CXCL11",0.0150793650793651,0.00376984126984127,0.0349206349206349,"No"
"CXCL12",0.0103174603174603,0.000992063492063492,0.0285714285714286,"No"
"CXCL13",0.0103174603174603,0,0.0331349206349206,"No"
"CXCL14",0.00317460317460317,0,0.0186507936507936,"No"
"CXCL16",0.0107142857142857,0.00178571428571429,0.0285724206349205,"No"
"CXCL17",0.00436507936507936,0,0.0224216269841268,"No"
"CXCL3",0.00337301587301587,0,0.0125,"No"
"CXCL5",0.00634920634920635,0,0.0242063492063492,"No"
"CXCL6",0.000396825396825395,0,0.0206359126984125,"No"
"CXCL8",0.0130952380952381,0.000198412698412698,0.0408740079365078,"No"
"CXCL9",0.0180555555555555,0.00357142857142857,0.0384920634920635,"No"
"DAB2",0.0154761904761905,0.00357142857142857,0.0386914682539681,"No"
"DAG1",0.0134920634920635,0.00297619047619048,0.0351190476190476,"No"
"DAPP1",0.0113095238095238,0.000992063492063492,0.0365079365079365,"No"
"DARS",0.00892857142857142,0.000396825396825395,0.0236111111111111,"No"
"DBI",0.0275793650793651,0.0117063492063492,0.0494047619047619,"Yes"
"DBNL",0.0172619047619048,0.00515873015873016,0.0353174603174603,"Yes"
"DCBLD2",0.00892857142857143,0.000396825396825395,0.0242063492063492,"No"
"DCN",0.00555555555555555,0,0.0178581349206348,"No"
"DCTN1",0.00416666666666666,0,0.02559623015873,"No"
"DCTN2",0.0166666666666667,0.00456349206349206,0.0343253968253968,"No"
"DCTN6",0.00892857142857143,0.000595238095238093,0.0271825396825397,"No"
"DCTPP1",0.00912698412698413,0.00138789682539683,0.0257946428571427,"No"
"DCXR",0.00654761904761904,0,0.0192460317460317,"No"
"DDAH1",0.0103174603174603,0.000396825396825395,0.0333343253968252,"No"
"DDC",0.00595238095238095,0,0.0218253968253968,"No"
"DDR1",0.00555555555555555,0,0.0186517857142856,"No"
"DDX58",0.018452380952381,0,0.0450396825396825,"No"
"DECR1",0.0107142857142857,0,0.0333333333333333,"No"
"DEFA1_DEFA1B",0.026984126984127,0.00317361111111111,0.0523809523809524,"No"
"DEFB4A_DEFB4B",0.00337301587301587,0,0.0232142857142857,"No"
"DFFA",0.0142857142857143,0.00158730158730159,0.0386904761904762,"No"
"DGKZ",0.00595238095238095,0,0.0214285714285714,"No"
"DIABLO",0.0107142857142857,0.00138789682539683,0.0317460317460317,"No"
"DKK1",0.00714285714285714,0,0.0184533730158729,"No"
"DKK3",0.0107142857142857,0.00099206349206349,0.0339285714285714,"No"
"DKK4",0.00615079365079365,0,0.0236111111111111,"No"
"DKKL1",0.0146825396825397,0.00238095238095238,0.0376984126984127,"No"
"DLK1",0.00476190476190476,0,0.0279761904761905,"No"
"DLL1",0.00555555555555555,0,0.0255952380952381,"No"
"DNAJA2",0.0154761904761905,0.00357142857142857,0.0378978174603173,"No"
"DNAJB1",0.00813492063492063,0,0.029564484126984,"No"
"DNAJB8",0.0111111111111111,0.00178571428571429,0.0255952380952381,"No"
"DNER",0.0134920634920635,0.00178571428571429,0.032143849206349,"No"
"DNMBP",0.019047619047619,0.00357142857142857,0.0424603174603174,"No"
"DNPH1",0.00773809523809524,0,0.025,"No"
"DOK2",0.0158730158730159,0.00297619047619048,0.0378978174603173,"No"
"DPEP1",0.00773809523809523,0,0.0214285714285714,"No"
"DPEP2",0.00992063492063492,0.00163665674603175,0.0242063492063492,"No"
"DPP10",0.0170634920634921,0.00535714285714285,0.0333343253968252,"Yes"
"DPP4",0.00396825396825397,0,0.0251984126984127,"No"
"DPP6",0.0188492063492063,0.00674603174603174,0.0339285714285714,"Yes"
"DPP7",0.00773809523809523,0.000198412698412698,0.023015873015873,"No"
"DPT",0.0138888888888889,0.00178571428571429,0.0331349206349206,"No"
"DPY30",0.0109126984126984,0,0.0424603174603174,"No"
"DRAXIN",0.0134920634920635,0.00119047619047619,0.0347232142857141,"No"
"DRG2",0.0150793650793651,0.00277777777777777,0.040080357142857,"No"
"DSC2",0.00932539682539682,0,0.0269851190476189,"No"
"DSG2",0.00357142857142857,0,0.0178571428571429,"No"
"DSG3",0.0130952380952381,0.00357142857142857,0.0271825396825397,"No"
"DSG4",0.0166666666666667,0.00436507936507936,0.0353174603174603,"No"
"DTX3",0.0126984126984127,0.00337301587301587,0.0273819444444443,"No"
"DUOX2",0.00476190476190476,0,0.0214285714285714,"No"
"DUSP3",0.00476190476190476,0,0.0178571428571429,"No"
"EBAG9",0.0142857142857143,0.00277777777777778,0.0323422619047617,"No"
"EBI3_IL27",0.0103174603174603,0.00119047619047619,0.0265873015873016,"No"
"ECE1",0.0130952380952381,0.000793650793650791,0.0311507936507936,"No"
"EDA2R",0.00575396825396825,0,0.0178571428571429,"No"
"EDAR",0.00396825396825396,0,0.0192460317460317,"No"
"EDIL3",0.00615079365079365,0,0.0198412698412698,"No"
"EFEMP1",0.0103174603174603,0.00178571428571429,0.0246031746031746,"No"
"EFNA1",0.0107142857142857,0.00119047619047619,0.031548611111111,"No"
"EFNA4",0.0222222222222222,0.00753968253968254,0.0458343253968252,"Yes"
"EGF",0.00813492063492063,0,0.0279771825396824,"No"
"EGFL7",0.00892857142857143,0,0.0353184523809522,"No"
"EGFR",0.00277777777777778,0,0.0126994047619046,"No"
"EGLN1",0.0224206349206349,0.00178472222222223,0.0533730158730159,"No"
"EIF4B",0.00396825396825397,0,0.0174603174603175,"No"
"EIF4EBP1",0.0115079365079365,0.000595238095238095,0.0361111111111111,"No"
"EIF4G1",0.00595238095238095,0,0.0265873015873016,"No"
"EIF5A",0.00639880952380952,0,0.0214285714285714,"No"
"ELOA",0.0125,0,0.0380952380952381,"No"
"ENAH",0.00376984126984127,0,0.0162698412698413,"No"
"ENG",0.00119047619047619,0,0.0154761904761905,"No"
"ENO1",0.0206349206349206,0,0.0456349206349206,"No"
"ENO2",0.00714285714285714,0,0.0279761904761905,"No"
"ENPP2",0.0101190476190476,0,0.0371031746031746,"No"
"ENPP5",0.00674603174603175,0,0.0265873015873016,"No"
"ENPP7",0.00813492063492063,0,0.0242063492063492,"No"
"ENTPD2",0.0255952380952381,0.0107142857142857,0.0442460317460317,"Yes"
"ENTPD5",0.00694444444444444,0,0.0269851190476189,"No"
"ENTPD6",0.00555555555555556,0,0.0198412698412698,"No"
"EPCAM",0.00555555555555555,0,0.0253968253968254,"No"
"EPHA1",0.00376984126984127,0,0.016468253968254,"No"
"EPHA10",0.00892857142857143,0,0.0311507936507936,"No"
"EPHA2",0.00396825396825396,0,0.0263898809523808,"No"
"EPHB4",0.00873015873015873,0.000595238095238093,0.023612103174603,"No"
"EPHB6",0.0126984126984127,0.00297519841269842,0.0293650793650794,"No"
"EPHX2",0.00634920634920635,0,0.0234126984126984,"No"
"EPO",0.00456349206349206,0,0.0218263888888887,"No"
"EPS8L2",0.00813492063492064,0,0.0244047619047619,"No"
"ERBB2",0.0115079365079365,0.000992063492063489,0.0311507936507936,"No"
"ERBB3",0.0160714285714286,0.00119047619047619,0.0384920634920635,"No"
"ERBB4",0.00297619047619048,0,0.019643849206349,"No"
"ERBIN",0.0103174603174603,0,0.0281746031746032,"No"
"EREG",0.00773809523809524,0,0.0281746031746032,"No"
"ERP44",0.00436507936507937,0,0.0184523809523809,"No"
"ESAM",0.00218253968253968,0,0.0134920634920635,"No"
"ESM1",0.00555555555555555,0,0.0259930555555554,"No"
"EZR",0.0198412698412698,0.00119047619047619,0.0422619047619048,"No"
"F11R",0.00793650793650793,0.000198412698412698,0.0216269841269841,"No"
"F2R",0.00297619047619048,0,0.0180555555555555,"No"
"F3",0.00238095238095238,0,0.0184523809523809,"No"
"F7",0.0305555555555555,0.0142857142857143,0.0517857142857143,"Yes"
"F9",0.0158730158730159,0.00396825396825397,0.0327380952380952,"No"
"FABP1",0.00773809523809523,0,0.0267867063492062,"No"
"FABP2",0.00952380952380952,0.000396825396825395,0.0279761904761905,"No"
"FABP4",0.023015873015873,0.00892857142857143,0.0410724206349205,"Yes"
"FABP5",0.0367063492063492,0.0166666666666667,0.0607142857142857,"Yes"
"FABP6",0.00575396825396825,0,0.0263898809523808,"No"
"FABP9",0.00873015873015873,0,0.0273809523809524,"No"
"FADD",0.0140873015873016,0.00218253968253968,0.0351190476190476,"No"
"FAM3B",0.000198412698412698,0,0.00952380952380952,"No"
"FAM3C",0.00496031746031745,0,0.019047619047619,"No"
"FAP",0.00654761904761905,0,0.021031746031746,"No"
"FAS",0.00773809523809523,0.000198412698412698,0.0234126984126984,"No"
"FASLG",0.00674603174603174,0,0.0257936507936508,"No"
"FBP1",0.00515873015873016,0,0.021031746031746,"No"
"FCAR",0.0142857142857143,0.00297619047619047,0.0317460317460317,"No"
"FCER2",0.00793650793650793,0,0.0335327380952379,"No"
"FCGR2A",0.0107142857142857,0.00178571428571429,0.0295634920634921,"No"
"FCGR2B",0.00694444444444445,0,0.0232142857142857,"No"
"FCGR3B",0.00813492063492063,0,0.0273819444444443,"No"
"FCN2",0.00357142857142857,0,0.0148809523809524,"No"
"FCRL1",0.0128968253968254,0.00238095238095238,0.0297628968253967,"No"
"FCRL2",0.014484126984127,0.00357142857142857,0.0297619047619048,"No"
"FCRL3",0.00615079365079365,0,0.0287708333333332,"No"
"FCRL5",0.0109126984126984,0.000595238095238095,0.0327380952380952,"No"
"FCRL6",0.00952380952380952,0,0.0373025793650792,"No"
"FCRLB",0.00634920634920635,0,0.0263888888888889,"No"
"FEN1",0.026984126984127,0.00277678571428571,0.0501984126984127,"No"
"FES",0.00555555555555555,0,0.0392867063492062,"No"
"FETUB",0.00317460317460317,0,0.0186507936507936,"No"
"FGF19",0.0130952380952381,0.00178571428571429,0.0313492063492063,"No"
"FGF2",0.00853174603174603,0,0.0279771825396824,"No"
"FGF21",0.010515873015873,0.000992063492063492,0.0275793650793651,"No"
"FGF23",0.00734126984126984,0,0.0357142857142857,"No"
"FGF5",0.00396825396825397,0,0.0184533730158729,"No"
"FGFBP1",0.00773809523809524,0,0.0267857142857143,"No"
"FGFR1OP",0.00952380952380952,0,0.0333333333333333,"No"
"FGFR2",0.0113095238095238,0.000396825396825395,0.031547619047619,"No"
"FGR",0.0192460317460318,0.00198412698412698,0.0452380952380952,"No"
"FHIT",0.00892857142857143,0.000396825396825395,0.0267857142857143,"No"
"FIS1",0.00932539682539682,0.000198412698412698,0.0267867063492062,"No"
"FKBP1B",0.00952380952380952,0.000991071428571434,0.0248025793650792,"No"
"FKBP4",0.0184523809523809,0.00535714285714286,0.0402777777777778,"Yes"
"FKBP5",0.016468253968254,0.00416666666666667,0.0357142857142857,"No"
"FKBP7",0.0267857142857143,0.0125,0.044047619047619,"Yes"
"FLI1",0.00912698412698412,0.000992063492063489,0.0238095238095238,"No"
"FLRT2",0.0152777777777778,0.00416666666666667,0.0297619047619048,"No"
"FLT1",0.00992063492063492,0.00178571428571428,0.0246031746031746,"No"
"FLT3",0.0121031746031746,0.00178571428571429,0.0271825396825397,"No"
"FLT3LG",0.00853174603174603,0,0.0253978174603173,"No"
"FLT4",0.0125992063492063,0.000396825396825395,0.0418650793650793,"No"
"FMNL1",0.0184523809523809,0.00138888888888888,0.0476200396825395,"No"
"FMR1",0.00892857142857143,0.000595238095238095,0.0267857142857143,"No"
"FOLR1",0.00357142857142857,0,0.0144851190476189,"No"
"FOLR2",0.0150793650793651,0.00317460317460317,0.0402787698412697,"No"
"FOLR3",0.00734126984126984,0,0.0214295634920633,"No"
"FOPNL",0.010515873015873,0.00119047619047619,0.0311507936507936,"No"
"FOSB",0.0154761904761905,0.00357142857142857,0.0321428571428571,"No"
"FOXO1",0.00932539682539682,0.000992063492063492,0.0279761904761905,"No"
"FOXO3",0.00853174603174603,0,0.032143849206349,"No"
"FRZB",0.0111111111111111,0.00178571428571429,0.0283730158730159,"No"
"FST",0.00138888888888889,0,0.0113105158730157,"No"
"FSTL3",0.0186507936507936,0.00456349206349206,0.0410714285714286,"No"
"FUCA1",0.016468253968254,0.00198412698412698,0.0373025793650792,"No"
"FURIN",0.0220238095238095,0.00654761904761905,0.041468253968254,"Yes"
"FUS",0.00753968253968253,0,0.0269851190476189,"No"
"FUT3_FUT5",0.00714285714285714,0,0.021031746031746,"No"
"FUT8",0.00634920634920635,0,0.0196428571428571,"No"
"FXN",0.00694444444444445,0,0.0267867063492062,"No"
"FXYD5",0.0125,0.000992063492063489,0.0291666666666667,"No"
"FYB1",0.00932539682539682,0.000595238095238093,0.0259930555555554,"No"
"GAL",0.00932539682539682,0.000992063492063492,0.0224206349206349,"No"
"GALNT10",0.00773809523809524,0,0.0216269841269841,"No"
"GALNT2",0.00674603174603174,0,0.0206349206349206,"No"
"GALNT3",0.0121031746031746,0.00119047619047619,0.0297619047619048,"No"
"GALNT7",0.0109126984126984,0.00178571428571428,0.0283730158730159,"No"
"GAS6",0.00535714285714285,0,0.0216269841269841,"No"
"GBP2",0.026984126984127,0.0119047619047619,0.0450396825396825,"Yes"
"GBP4",0.00892857142857143,0.000595238095238095,0.0246031746031746,"No"
"GCG",0.0178571428571428,0.00416666666666667,0.0359136904761903,"No"
"GCNT1",0.00456349206349206,0,0.0170634920634921,"No"
"GDF15",0.00674603174603174,0,0.0186517857142856,"No"
"GDF2",0.00753968253968254,0.000198412698412698,0.0198422619047617,"No"
"GDNF",0.00595238095238095,0,0.0238095238095238,"No"
"GFAP",0.00773809523809524,0,0.0291666666666667,"No"
"GFER",0.00853174603174603,0.000198412698412698,0.02559623015873,"No"
"GFOD2",0.00654761904761905,0,0.0186517857142856,"No"
"GFRA1",0.0134920634920635,0,0.0464295634920633,"No"
"GFRA2",0.00575396825396825,0,0.0206349206349206,"No"
"GFRA3",0.00496031746031745,0,0.0220238095238095,"No"
"GGA1",0.000992063492063492,0,0.0107142857142857,"No"
"GGH",0.00297619047619048,0,0.0174603174603175,"No"
"GGT1",0.00277777777777778,0,0.0142857142857143,"No"
"GGT5",0.0142857142857143,0.00357142857142857,0.0317460317460317,"No"
"GH1",0.0101190476190476,0.000992063492063492,0.0261914682539681,"No"
"GH2",0.00218253968253968,0,0.0168650793650794,"No"
"GHRHR",0.0101190476190476,0.000793650793650791,0.0279771825396824,"No"
"GHRL",0.00396825396825397,0,0.0200406746031744,"No"
"GKN1",0.00555555555555555,0,0.0236111111111111,"No"
"GLB1",0.00555555555555555,0,0.0184523809523809,"No"
"GLO1",0.00396825396825397,0,0.0184523809523809,"No"
"GLOD4",0.00873015873015872,0,0.0273809523809524,"No"
"GLRX",0.0208333333333333,0.00396825396825396,0.0478184523809522,"No"
"GLT8D2",0.00535714285714285,0,0.0269851190476189,"No"
"GMPR",0.00456349206349206,0,0.0261904761904762,"No"
"GNE",0.00674603174603174,0,0.0238105158730157,"No"
"GNLY",0.010515873015873,0,0.031547619047619,"No"
"GOPC",0.00595238095238095,0,0.026984126984127,"No"
"GP1BA",0.00456349206349206,0,0.0180565476190475,"No"
"GP2",0.00436507936507936,0,0.0174603174603175,"No"
"GP6",0.0126984126984127,0.00238095238095238,0.0311507936507936,"No"
"GPA33",0.00277777777777778,0,0.0224206349206349,"No"
"GPC1",0.00357142857142857,0,0.015080357142857,"No"
"GPC5",0.00813492063492063,0.000595238095238093,0.0212301587301587,"No"
"GPKOW",0.0194444444444444,0.000595238095238095,0.0452390873015871,"No"
"GPNMB",0.0152777777777778,0.000992063492063489,0.0345238095238095,"No"
"GPR37",0.00476190476190476,0,0.0240079365079365,"No"
"GRAP2",0,0,0.00674603174603175,"No"
"GRK5",0.00833333333333333,0.000594246031746039,0.0271825396825397,"No"
"GRN",0.0158730158730159,0.00178571428571429,0.0398809523809524,"No"
"GRPEL1",0.00376984126984127,0,0.0174603174603175,"No"
"GSAP",0.0115079365079365,0.000793650793650791,0.0347222222222222,"No"
"GSTA1",0.0103174603174603,0.000992063492063492,0.029564484126984,"No"
"GSTA3",0.0128968253968254,0.00138888888888889,0.0357142857142857,"No"
"GSTP1",0.0140873015873016,0.000992063492063489,0.034127976190476,"No"
"GUCA2A",0.00694444444444444,0,0.019047619047619,"No"
"GUSB",0.00615079365079365,0,0.0307539682539682,"No"
"GYS1",0.0113095238095238,0.000793650793650791,0.0339285714285714,"No"
"GZMA",0.0140873015873016,0.00357142857142857,0.0303571428571428,"No"
"GZMB",0.0156746031746032,0.00317361111111112,0.0371031746031746,"No"
"GZMH",0.00952380952380952,0.000992063492063492,0.0246031746031746,"No"
"HAGH",0.000595238095238095,0,0.0156755952380951,"No"
"HAO1",0.00515873015873016,0,0.0168660714285713,"No"
"HARS",0.0138888888888889,0.00178571428571429,0.0315486111111109,"No"
"HAVCR1",0.0103174603174603,0.000793650793650791,0.0277777777777778,"No"
"HAVCR2",0.0115079365079365,0,0.0333343253968252,"No"
"HBEGF",0.00297619047619048,0,0.0158740079365078,"No"
"HBQ1",0.00416666666666667,0,0.0255952380952381,"No"
"HCLS1",0.0196428571428571,0.00119047619047619,0.0494047619047619,"No"
"HDGF",0.0140873015873016,0.00119047619047619,0.0404761904761905,"No"
"HEBP1",0.0111111111111111,0.00178571428571429,0.0297628968253967,"No"
"HEXIM1",0.0142857142857143,0.00238095238095238,0.0341269841269841,"No"
"HGF",0.0117063492063492,0,0.0347232142857141,"No"
"HGS",0.000793650793650791,0,0.0180560515873015,"No"
"HK2",0.00515873015873016,0,0.0319454365079363,"No"
"HLA.DRA",0.00178571428571428,0,0.0230168650793649,"No"
"HLA.E",0.0113095238095238,0.000595238095238093,0.0325396825396825,"No"
"HMBS",0.0125,0.00158730158730159,0.0293650793650794,"No"
"HMOX1",0.00138888888888889,0,0.00892857142857143,"No"
"HMOX2",0.00357142857142857,0,0.0202380952380952,"No"
"HNMT",0.0212301587301587,0.00813492063492063,0.0373025793650792,"Yes"
"HNRNPK",0.00912698412698412,0,0.0329374999999998,"No"
"HPCAL1",0.0126984126984127,0.00198313492063492,0.0301587301587302,"No"
"HPGDS",0.00873015873015873,0,0.0303581349206348,"No"
"HS3ST3B1",0.0107142857142857,0.00178571428571429,0.0283730158730159,"No"
"HS6ST1",0.00515873015873016,0,0.0202380952380952,"No"
"HSD11B1",0.0142857142857143,0.00357142857142857,0.0321428571428571,"No"
"HSP90B1",0.00575396825396825,0,0.0230168650793649,"No"
"HSPA1A",0.0202380952380952,0.000396825396825395,0.0492073412698411,"No"
"HSPB1",0.00535714285714286,0,0.0198412698412698,"No"
"HSPB6",0.00535714285714286,0,0.0182549603174602,"No"
"HSPG2",0.00873015873015872,0.000595238095238095,0.0244047619047619,"No"
"HTRA2",0.00793650793650793,0,0.0255952380952381,"No"
"HYAL1",0.00773809523809523,0,0.0267857142857143,"No"
"HYOU1",0.00416666666666667,0,0.025,"No"
"ICA1",0.0125,0.000992063492063489,0.0343263888888887,"No"
"ICAM1",0.0136904761904762,0.00297619047619048,0.0353174603174603,"No"
"ICAM2",0.00813492063492063,0.000595238095238093,0.0208333333333333,"No"
"ICAM3",0.0148809523809524,0.00376984126984127,0.0293650793650794,"No"
"ICAM4",0.016468253968254,0.00218253968253968,0.0416666666666667,"No"
"ICAM5",0.00634920634920635,0,0.0265882936507935,"No"
"ICOSLG",0.0115079365079365,0.000992063492063492,0.0297619047619048,"No"
"IDI2",0.00238095238095238,0,0.0202390873015871,"No"
"IDS",0.00198412698412698,0,0.0168650793650794,"No"
"IDUA",0.00515873015873016,0,0.021627976190476,"No"
"IFNG",0.0126984126984127,0.00238095238095238,0.0341269841269841,"No"
"IFNGR1",0.00376984126984127,0,0.0142857142857143,"No"
"IFNGR2",0.00952380952380952,0.00099206349206349,0.0277787698412697,"No"
"IFNL1",0.0103174603174603,0.000595238095238095,0.0285724206349205,"No"
"IFNLR1",0.0214285714285714,0.00833333333333333,0.0378968253968254,"Yes"
"IGF1R",0.0101190476190476,0.00178571428571429,0.0250009920634919,"No"
"IGF2R",0.0172619047619048,0.00178571428571428,0.0416666666666667,"No"
"IGFBP1",0.00873015873015873,0.000595238095238095,0.023015873015873,"No"
"IGFBP2",0.0109126984126984,0.00178571428571429,0.0246031746031746,"No"
"IGFBP3",0.00853174603174603,0,0.0232142857142857,"No"
"IGFBP4",0.0136904761904762,0.00317361111111112,0.0273819444444443,"No"
"IGFBP6",0.000396825396825395,0,0.0113095238095238,"No"
"IGFBP7",0.00178571428571429,0,0.0202380952380952,"No"
"IGFBPL1",0.0130952380952381,0.00238095238095238,0.033531746031746,"No"
"IGSF3",0.0123015873015873,0.00178571428571429,0.0321448412698409,"No"
"IGSF8",0.0182539682539682,0.00615079365079365,0.035515873015873,"Yes"
"IKBKG",0.0192460317460317,0.00138888888888889,0.044643849206349,"No"
"IKZF2",0.00932539682539682,0.00099206349206349,0.0261914682539681,"No"
"IL10",0.0125,0.00277777777777778,0.0261904761904762,"No"
"IL10RA",0.00436507936507936,0,0.0198412698412698,"No"
"IL10RB",0.00932539682539682,0.000992063492063492,0.0263888888888889,"No"
"IL11",0.00912698412698412,0.000595238095238095,0.0257936507936508,"No"
"IL12A_IL12B",0.0218253968253968,0.00873015873015873,0.0380952380952381,"Yes"
"IL12B",0.0226190476190476,0.00853075396825397,0.0406755952380951,"Yes"
"IL12RB1",0.00773809523809524,0,0.0337301587301587,"No"
"IL13",0.00634920634920635,0,0.0228194444444441,"No"
"IL13RA1",0.0138888888888889,0.000595238095238095,0.0327380952380952,"No"
"IL15",0.00496031746031746,0,0.0200396825396825,"No"
"IL15RA",0.00734126984126984,0,0.021627976190476,"No"
"IL16",0.0216269841269841,0.00436507936507936,0.0438492063492063,"No"
"IL17A",0.00496031746031746,0,0.0182539682539683,"No"
"IL17C",0.00138888888888889,0,0.0107142857142857,"No"
"IL17D",0.00992063492063491,0,0.0309523809523809,"No"
"IL17F",0.00119047619047619,0,0.016468253968254,"No"
"IL17RA",0.00694444444444445,0,0.0242063492063492,"No"
"IL17RB",0.00833333333333333,0,0.0232142857142857,"No"
"IL18",0.0170634920634921,0.00496031746031746,0.0339285714285714,"No"
"IL18BP",0.0174603174603175,0.00535714285714286,0.0343253968253968,"Yes"
"IL18R1",0.0224206349206349,0.00575396825396826,0.0446428571428571,"Yes"
"IL18RAP",0.00476190476190476,0,0.0178581349206348,"No"
"IL19",0.00257936507936507,0,0.0115089285714284,"No"
"IL1A",0.0130952380952381,0.00277777777777777,0.0303571428571428,"No"
"IL1B",0.00813492063492063,0,0.0289692460317459,"No"
"IL1R1",0.00317460317460317,0,0.0224206349206349,"No"
"IL1R2",0.00238095238095238,0,0.0188492063492063,"No"
"IL1RAP",0.019047619047619,0.00496031746031745,0.0388888888888889,"No"
"IL1RL1",0.00297619047619048,0,0.0158730158730159,"No"
"IL1RL2",0.010515873015873,0.000792658730158737,0.0317460317460317,"No"
"IL1RN",0.0214285714285714,0.00634920634920635,0.0472222222222222,"Yes"
"IL2",0.0140873015873016,0.00297619047619048,0.0333343253968252,"No"
"IL20",0.00238095238095238,0,0.0160714285714286,"No"
"IL20RA",0.00992063492063491,0,0.0333333333333333,"No"
"IL22RA1",0.00674603174603175,0,0.021031746031746,"No"
"IL24",0.00257936507936507,0,0.0192460317460317,"No"
"IL2RA",0.0111111111111111,0.00158730158730159,0.0287698412698413,"No"
"IL2RB",0.00297619047619048,0,0.0180555555555555,"No"
"IL32",0.0130952380952381,0.00317460317460317,0.0281746031746032,"No"
"IL33",0.00992063492063492,0,0.0333343253968252,"No"
"IL34",0.00634920634920635,0,0.0226190476190476,"No"
"IL3RA",0.0142857142857143,0.00357142857142857,0.0293660714285713,"No"
"IL4",0.00595238095238095,0,0.0303571428571428,"No"
"IL4R",0.00555555555555555,0,0.0244057539682538,"No"
"IL5",0.00208333333333333,0,0.016468253968254,"No"
"IL5RA",0.00198412698412698,0,0.0180565476190475,"No"
"IL6",0.0109126984126984,0.00178571428571429,0.0319444444444444,"No"
"IL6R",0.00297619047619048,0,0.0132936507936508,"No"
"IL6ST",0.00555555555555555,0,0.0240079365079365,"No"
"IL7",0.0130952380952381,0.00257936507936508,0.0281755952380951,"No"
"IL7R",0.0136904761904762,0.00218253968253968,0.0307539682539682,"No"
"ILKAP",0.0113095238095238,0,0.0386914682539681,"No"
"IMPA1",0.0101190476190476,0,0.0345238095238095,"No"
"ING1",0.0115079365079365,0,0.0384930555555554,"No"
"INHBC",0.0206349206349206,0.00238095238095237,0.0406746031746032,"No"
"INPP1",0.0166666666666667,0.00476190476190476,0.033531746031746,"No"
"INPPL1",0.00575396825396825,0,0.0240079365079365,"No"
"IPCEF1",0.0182539682539683,0,0.0476200396825395,"No"
"IQGAP2",0.00317460317460317,0,0.0160714285714286,"No"
"IRAK1",0.00892857142857143,0,0.0248015873015873,"No"
"IRAK4",0.0134920634920635,0.000992063492063489,0.032143849206349,"No"
"ISLR2",0.00952380952380952,0,0.0267857142857143,"No"
"ISM1",0.0202380952380952,0.00714285714285714,0.0375,"Yes"
"ITGA11",0.00575396825396824,0,0.0232152777777776,"No"
"ITGA5",0.00793650793650793,0,0.0313492063492063,"No"
"ITGA6",0.00357142857142857,0,0.0152777777777778,"No"
"ITGAM",0.0196428571428571,0.00138888888888888,0.0446428571428571,"No"
"ITGAV",0.00456349206349206,0,0.0200416666666663,"No"
"ITGB1",0.00694444444444445,0,0.0242063492063492,"No"
"ITGB1BP1",0.010515873015873,0.000595238095238095,0.0349206349206349,"No"
"ITGB1BP2",0.00277777777777778,0,0.0146825396825397,"No"
"ITGB2",0.0146825396825397,0.00357142857142857,0.0339285714285714,"No"
"ITGB5",0,0,0.0101190476190476,"No"
"ITGB6",0.00833333333333333,0.000595238095238095,0.0212311507936506,"No"
"ITGB7",0,0,0.0101190476190476,"No"
"ITIH3",0.00357142857142857,0,0.015080357142857,"No"
"ITM2A",0.00238095238095238,0,0.0158730158730159,"No"
"IVD",0.00357142857142857,0,0.0156746031746032,"No"
"JAM2",0.00952380952380952,0,0.0388898809523808,"No"
"JCHAIN",0.00357142857142857,0,0.0162698412698413,"No"
"JUN",0.00753968253968254,0,0.0255952380952381,"No"
"KAZALD1",0.00833333333333333,0,0.0281755952380951,"No"
"KCNIP4",0.0107142857142857,0,0.0329374999999998,"No"
"KDR",0.00634920634920635,0,0.0202380952380952,"No"
"KEL",0.0186507936507936,0.00555456349206349,0.0361111111111111,"Yes"
"KIFBP",0.00198412698412698,0,0.0174613095238094,"No"
"KIR2DL3",0.0180555555555555,0.00317460317460317,0.0384930555555554,"No"
"KIR3DL1",0.00238095238095238,0,0.0172638888888886,"No"
"KIRREL2",0.0130952380952381,0.00277777777777778,0.0287708333333332,"No"
"KIT",0.00357142857142857,0,0.0162698412698413,"No"
"KITLG",0.0113095238095238,0.000396825396825395,0.0363095238095238,"No"
"KLB",0.00555555555555556,0,0.0192470238095236,"No"
"KLK1",0.00813492063492063,0.000198412698412698,0.0220238095238095,"No"
"KLK10",0.00615079365079365,0,0.0208343253968252,"No"
"KLK11",0.0146825396825397,0.00257936507936508,0.0349216269841268,"No"
"KLK12",0.00595238095238095,0,0.0220238095238095,"No"
"KLK13",0.00952380952380952,0.00119047619047619,0.0246031746031746,"No"
"KLK14",0.00793650793650794,0.000198412698412698,0.0212311507936506,"No"
"KLK4",0.00763888888888889,0,0.0263898809523808,"No"
"KLK6",0.00595238095238095,0,0.0236111111111111,"No"
"KLK8",0.00595238095238095,0,0.0204374999999998,"No"
"KLRB1",0.00793650793650793,0,0.0291666666666667,"No"
"KLRD1",0.0107142857142857,0.000595238095238093,0.0299603174603174,"No"
"KRT14",0.0251984126984127,0.00714285714285714,0.0498015873015873,"Yes"
"KRT18",0.00734126984126984,0,0.0250019841269838,"No"
"KRT19",0.00912698412698412,0.000992063492063492,0.023612103174603,"No"
"KRT5",0.0125,0.000595238095238093,0.0488095238095238,"No"
"KYAT1",0.0107142857142857,0.000595238095238093,0.0285724206349205,"No"
"KYNU",0.00119047619047619,0,0.0180555555555555,"No"
"L1CAM",0.00912698412698412,0.000594246031746039,0.025,"No"
"LACTB2",0.0196428571428571,0.00277777777777778,0.0448412698412698,"No"
"LAG3",0.0142857142857143,0.00357142857142857,0.0299603174603175,"No"
"LAIR1",0.00694444444444444,0,0.0388888888888889,"No"
"LAIR2",0.0113095238095238,0.00178571428571429,0.025,"No"
"LAMA4",0.00555555555555555,0,0.0226200396825395,"No"
"LAMP2",0.00555555555555555,0,0.0273829365079362,"No"
"LAMP3",0.0113095238095238,0.000992063492063489,0.0309523809523809,"No"
"LAP3",0.0156746031746032,0.000992063492063492,0.0396825396825397,"No"
"LAT",0.00198412698412698,0,0.0101190476190476,"No"
"LAT2",0.00833333333333333,0,0.0309523809523809,"No"
"LAYN",0.0119047619047619,0.00178571428571429,0.0301587301587301,"No"
"LBP",0.0125,0.00178571428571429,0.0337301587301587,"No"
"LBR",0.0156746031746032,0,0.0434523809523809,"No"
"LCN2",0.0196428571428571,0.000793650793650791,0.0464285714285714,"No"
"LDLR",0.0178571428571429,0.00535714285714286,0.0349206349206349,"Yes"
"LEFTY2",0.0136904761904762,0.00357142857142857,0.0343253968253968,"No"
"LEP",0.0198412698412698,0.00535714285714286,0.0434523809523809,"Yes"
"LEPR",0.0107142857142857,0.000793650793650791,0.0253968253968254,"No"
"LGALS1",0.0218253968253968,0.00357142857142857,0.0446428571428571,"No"
"LGALS3",0.00833333333333333,0,0.0273809523809524,"No"
"LGALS4",0.0117063492063492,0.00099206349206349,0.0347222222222222,"No"
"LGALS7_LGALS7B",0.00853174603174603,0,0.0273809523809524,"No"
"LGALS8",0.00853174603174603,0.000396825396825395,0.0289692460317459,"No"
"LGALS9",0.0299603174603175,0.0142857142857143,0.048612103174603,"Yes"
"LGMN",0.00416666666666667,0,0.0152787698412697,"No"
"LHB",0.00634920634920635,0,0.0220238095238095,"No"
"LHPP",0.00873015873015873,0.000396825396825395,0.0289692460317459,"No"
"LIF",0.0148809523809524,0.00118948412698413,0.039484126984127,"No"
"LIFR",0.00257936507936508,0,0.0117063492063492,"No"
"LILRA2",0.016468253968254,0.0049593253968254,0.0378978174603173,"No"
"LILRA5",0.00813492063492063,0,0.0345238095238095,"No"
"LILRB1",0.00535714285714286,0,0.0200396825396825,"No"
"LILRB2",0.0113095238095238,0.00178571428571429,0.026984126984127,"No"
"LILRB4",0.00773809523809524,0,0.0242063492063492,"No"
"LILRB5",0.00853174603174603,0,0.0255952380952381,"No"
"LPCAT2",0.014484126984127,0.00238095238095238,0.0380952380952381,"No"
"LPL",0.00912698412698412,0.000992063492063492,0.0226200396825395,"No"
"LPO",0.0158730158730159,0.00178571428571429,0.0365079365079365,"No"
"LRIG1",0.00416666666666667,0,0.0212301587301587,"No"
"LRMP",0.019047619047619,0.00218253968253967,0.0388888888888889,"No"
"LRP1",0.00198412698412698,0,0.0178571428571429,"No"
"LRP11",0.00654761904761905,0,0.0196428571428571,"No"
"LRPAP1",0.00634920634920635,0,0.0216269841269841,"No"
"LRRC25",0.0128968253968254,0.00198412698412698,0.0317460317460317,"No"
"LRRN1",0.00317460317460318,0,0.0148819444444443,"No"
"LSM1",0.0125,0.00119047619047619,0.0363095238095238,"No"
"LSP1",0.0222222222222222,0.00257837301587302,0.0535714285714286,"No"
"LTA",0.0121031746031746,0.000793650793650791,0.0325406746031744,"No"
"LTA4H",0.0117063492063492,0.00119047619047619,0.0285714285714286,"No"
"LTBP2",0.00654761904761905,0,0.0291676587301586,"No"
"LTBP3",0.00615079365079365,0,0.0244047619047619,"No"
"LTBR",0.0162698412698413,0.00198313492063492,0.0412698412698413,"No"
"LTO1",0.00714285714285714,0,0.0206349206349206,"No"
"LXN",0.0214285714285714,0.00793650793650793,0.0408740079365078,"Yes"
"LY6D",0.0134920634920635,0.00138888888888889,0.0343263888888887,"No"
"LY75",0.00178571428571429,0,0.00793650793650793,"No"
"LY9",0.0113095238095238,0.00178571428571429,0.025,"No"
"LY96",0.0156746031746032,0.00396825396825397,0.0317470238095236,"No"
"LYAR",0.00535714285714286,0,0.0240079365079365,"No"
"LYN",0.0132936507936508,0.000396825396825395,0.0404761904761905,"No"
"LYPD1",0.00317460317460317,0,0.025,"No"
"LYPD3",0.00634920634920635,0,0.0174603174603175,"No"
"LYPD8",0,0,0.021031746031746,"No"
"MAD1L1",0.016468253968254,0.00178571428571428,0.0476190476190476,"No"
"MAEA",0.00912698412698413,0,0.0301597222222221,"No"
"MAGED1",0.00734126984126984,0.000396825396825395,0.0202380952380952,"No"
"MANF",0.0107142857142857,0.00178571428571429,0.0301587301587301,"No"
"MANSC1",0.00277777777777778,0,0.0150793650793651,"No"
"MAP2K6",0.0168650793650794,0.00456349206349206,0.0343253968253968,"No"
"MAP3K5",0.0130952380952381,0.00198412698412698,0.0311507936507936,"No"
"MAP4K5",0.00198412698412698,0,0.0214295634920633,"No"
"MAPK9",0.0158730158730159,0.00357142857142857,0.0327380952380952,"No"
"MAPT",0.00932539682539683,0,0.0293660714285713,"No"
"MARCO",0.0121031746031746,0.00178571428571429,0.0303571428571428,"No"
"MASP1",0.014484126984127,0.00357142857142857,0.031547619047619,"No"
"MATN2",0.0111111111111111,0.00119047619047619,0.0365079365079365,"No"
"MATN3",0.00753968253968254,0,0.0303581349206348,"No"
"MAVS",0.010515873015873,0.000594246031746039,0.0285714285714286,"No"
"MAX",0.0107142857142857,0.00118948412698413,0.029564484126984,"No"
"MB",0.00496031746031746,0,0.0160714285714286,"No"
"MCAM",0.00277777777777778,0,0.0299623015873012,"No"
"MCFD2",0.00257936507936508,0,0.0128978174603173,"No"
"MDGA1",0.00476190476190476,0,0.0224206349206349,"No"
"MDK",0.00813492063492063,0.000396825396825395,0.0240079365079365,"No"
"MED18",0.00714285714285714,0,0.0248015873015873,"No"
"MEGF10",0.00357142857142857,0,0.0168650793650794,"No"
"MEGF9",0.00297619047619048,0,0.0170634920634921,"No"
"MEP1B",0.00833333333333333,0.000595238095238093,0.023612103174603,"No"
"MEPE",0.00198412698412698,0,0.0144851190476189,"No"
"MERTK",0.00456349206349206,0,0.0206359126984125,"No"
"MESD",0.0232142857142857,0.00297619047619047,0.0519851190476189,"No"
"MET",0.00892857142857143,0,0.0317470238095236,"No"
"METAP1",0.0192460317460317,0.00575396825396826,0.0373015873015873,"Yes"
"METAP1D",0.00496031746031746,0,0.0228174603174603,"No"
"METAP2",0.0134920634920635,0.00317460317460317,0.032143849206349,"No"
"MFAP3",0.0117063492063492,0.00119047619047619,0.0299603174603174,"No"
"MFAP5",0.00297619047619048,0,0.023015873015873,"No"
"MFGE8",0.0109126984126984,0.00119047619047619,0.0267857142857143,"No"
"MGLL",0.00853174603174603,0.000396825396825395,0.0251984126984127,"No"
"MGMT",0.00634920634920635,0,0.0226200396825395,"No"
"MIA",0.0126984126984127,0.00218253968253968,0.029564484126984,"No"
"MICB_MICA",0.00714285714285714,0,0.0220238095238095,"No"
"MIF",0.0166666666666667,0.00337301587301587,0.036112103174603,"No"
"MILR1",0.014484126984127,0.00178571428571429,0.0410714285714286,"No"
"MITD1",0.00694444444444444,0,0.0373015873015873,"No"
"MLN",0.00317460317460317,0,0.0218253968253968,"No"
"MME",0.00357142857142857,0,0.0174603174603175,"No"
"MMP1",0.00396825396825397,0,0.0154761904761905,"No"
"MMP10",0.00833333333333333,0,0.0303571428571428,"No"
"MMP12",0.00535714285714286,0,0.0309533730158729,"No"
"MMP13",0.00138888888888889,0,0.0176587301587302,"No"
"MMP3",0.00238095238095238,0,0.0142857142857143,"No"
"MMP7",0.0111111111111111,0.000198412698412698,0.0329374999999998,"No"
"MMP8",0.0303571428571428,0.00297619047619047,0.0547628968253967,"No"
"MMP9",0.0194444444444444,0.00357142857142857,0.0410714285714286,"No"
"MNDA",0.0202380952380952,0.00158730158730158,0.0476200396825395,"No"
"MOG",0.0101190476190476,0.00119047619047619,0.025,"No"
"MPHOSPH8",0.00555555555555555,0,0.0255952380952381,"No"
"MPI",0.00496031746031746,0,0.0285714285714286,"No"
"MPIG6B",0.00753968253968254,0.000198412698412698,0.0220238095238095,"No"
"MPO",0.0202380952380952,0.00119047619047619,0.0462301587301587,"No"
"MRPL46",0.0134920634920635,0.00178571428571429,0.0327380952380952,"No"
"MSLN",0.00476190476190476,0,0.0238095238095238,"No"
"MSMB",0.00277777777777777,0,0.0196428571428571,"No"
"MSR1",0.00555555555555555,0,0.0281746031746032,"No"
"MSRA",0.0150793650793651,0.00198412698412698,0.041468253968254,"No"
"MSTN",0.00654761904761904,0,0.0222232142857141,"No"
"MTPN",0.00912698412698412,0.000396825396825395,0.025,"No"
"MUC13",0.00515873015873016,0,0.0214295634920633,"No"
"MUC16",0.0166666666666667,0.00178571428571429,0.0367063492063492,"No"
"MVK",0.00535714285714284,0,0.0345238095238095,"No"
"MYO9B",0.00714285714285714,0,0.0285714285714286,"No"
"MYOC",0.00317460317460317,0,0.0142857142857143,"No"
"MZB1",0.00555555555555555,0,0.0160714285714286,"No"
"MZT1",0.00496031746031746,0,0.0244047619047619,"No"
"NAAA",0.00218253968253968,0,0.0200406746031744,"No"
"NADK",0.0246031746031746,0.00198313492063492,0.0507936507936508,"No"
"NAMPT",0.0190476190476191,0.000198412698412698,0.0498015873015873,"No"
"NBL1",0.00773809523809523,0.000198412698412698,0.0200406746031744,"No"
"NBN",0.0123015873015873,0.000792658730158737,0.0369047619047619,"No"
"NCAM1",0.0121031746031746,0.00218253968253968,0.0259930555555554,"No"
"NCAM2",0.0111111111111111,0.000595238095238095,0.0363095238095238,"No"
"NCAN",0.0115079365079365,0.00119047619047619,0.0373025793650792,"No"
"NCF2",0.0236111111111111,0.00178571428571428,0.0525793650793651,"No"
"NCK2",0.00694444444444444,0,0.0363095238095238,"No"
"NCLN",0.00793650793650793,0,0.0299603174603174,"No"
"NCR1",0.0287698412698413,0.0130952380952381,0.048015873015873,"Yes"
"NCS1",0.00357142857142857,0,0.0170634920634921,"No"
"NDRG1",0.0109126984126984,0.00178571428571429,0.0251984126984127,"No"
"NDUFS6",0.00496031746031746,0,0.0172619047619048,"No"
"NECTIN2",0.00853174603174603,0.000198412698412698,0.0255952380952381,"No"
"NECTIN4",0.010515873015873,0.000793650793650791,0.0287708333333332,"No"
"NEFL",0.00912698412698412,0,0.0244047619047619,"No"
"NELL1",0.0103174603174603,0.00119047619047619,0.0279761904761905,"No"
"NELL2",0.00992063492063493,0,0.0367063492063492,"No"
"NFASC",0.00615079365079364,0,0.0285724206349205,"No"
"NFATC1",0.00634920634920634,0,0.0253968253968254,"No"
"NFATC3",0.0113095238095238,0.000396825396825395,0.0386914682539681,"No"
"NFKBIE",0.0178571428571429,0,0.0547619047619047,"No"
"NGF",0.0142857142857143,0.00357142857142857,0.0293660714285713,"No"
"NID1",0.00416666666666667,0,0.0156755952380951,"No"
"NID2",0.00595238095238095,0,0.0222222222222222,"No"
"NINJ1",0.00674603174603174,0,0.0291666666666667,"No"
"NME3",0.00595238095238095,0,0.0246031746031746,"No"
"NMNAT1",0.0196428571428571,0.00178571428571429,0.0438501984126983,"No"
"NOMO1",0.00793650793650793,0,0.0279761904761905,"No"
"NOS1",0.00694444444444444,0,0.0355178571428568,"No"
"NOS3",0.0107142857142857,0.000396825396825395,0.0327390873015871,"No"
"NOTCH1",0.00674603174603175,0,0.0248015873015873,"No"
"NOTCH3",0.00257936507936507,0,0.0218263888888887,"No"
"NPDC1",0.0150793650793651,0.00416666666666667,0.0313492063492063,"No"
"NPM1",0.0126984126984127,0,0.0375,"No"
"NPPB",0.00297619047619048,0,0.0150793650793651,"No"
"NPPC",0.00634920634920635,0,0.0251984126984127,"No"
"NPTN",0.00753968253968254,0,0.0251984126984127,"No"
"NPTX1",0.00634920634920635,0,0.0287698412698413,"No"
"NPTXR",0.000992063492063492,0,0.00972222222222222,"No"
"NPY",0.0115079365079365,0.000595238095238093,0.0277777777777778,"No"
"NRCAM",0.00476190476190476,0,0.0210327380952379,"No"
"NRP1",0.00158730158730159,0,0.0123025793650792,"No"
"NRP2",0.0123015873015873,0.000792658730158737,0.0327380952380952,"No"
"NRTN",0.000793650793650793,0,0.0176597222222221,"No"
"NSFL1C",0.0113095238095238,0.000595238095238093,0.0339285714285714,"No"
"NT5C3A",0.00912698412698412,0.000595238095238095,0.0238105158730157,"No"
"NT5E",0.00416666666666666,0,0.0204374999999998,"No"
"NTF3",0.00674603174603175,0,0.0200406746031744,"No"
"NTF4",0.0103174603174603,0.000991071428571434,0.026984126984127,"No"
"NTproBNP",0.00257936507936508,0,0.0178571428571429,"No"
"NTRK2",0.00119047619047619,0,0.0170634920634921,"No"
"NTRK3",0.00297619047619047,0,0.0216269841269841,"No"
"NUB1",0.00694444444444444,0,0.0259930555555554,"No"
"NUCB2",0.00873015873015872,0.000793650793650791,0.0244047619047619,"No"
"NUDC",0.00734126984126984,0,0.029564484126984,"No"
"NUDT2",0.00892857142857143,0.000595238095238093,0.023015873015873,"No"
"NUDT5",0.0136904761904762,0.00198412698412698,0.0345248015873014,"No"
"NXPH1",0.000595238095238095,0,0.015080357142857,"No"
"OBP2B",0.0125,0.000992063492063489,0.031547619047619,"No"
"ODAM",0.00595238095238095,0,0.0222222222222222,"No"
"OGFR",0.00853174603174603,0.000595238095238095,0.0218253968253968,"No"
"OGN",0.00773809523809523,0.000595238095238093,0.0214285714285714,"No"
"OLR1",0.0180555555555555,0.00198412698412698,0.0380952380952381,"No"
"OMD",0.00694444444444445,0,0.0259920634920635,"No"
"OMG",0.0172619047619048,0.0041656746031746,0.0351190476190476,"No"
"OPTC",0.0138888888888889,0.00257936507936508,0.0311517857142855,"No"
"OSCAR",0.0321428571428571,0.0154761904761905,0.0509920634920635,"Yes"
"OSM",0.0123015873015873,0.000992063492063489,0.0283740079365078,"No"
"OSMR",0.0142857142857143,0.00277777777777778,0.0345238095238095,"No"
"OXT",0.00813492063492063,0,0.0267867063492062,"No"
"P4HB",0.00932539682539683,0,0.0369057539682538,"No"
"PADI2",0.00198412698412698,0,0.0130952380952381,"No"
"PADI4",0.0130952380952381,0,0.0371051587301584,"No"
"PAEP",0.0101190476190476,0.00138888888888889,0.025,"No"
"PAG1",0.0166666666666667,0.000595238095238093,0.0507936507936508,"No"
"PAK4",0.0132936507936508,0.000197420634920644,0.0412698412698413,"No"
"PAM",0.00575396825396825,0,0.0196428571428571,"No"
"PAMR1",0.0107142857142857,0,0.0301587301587301,"No"
"PAPPA",0.00734126984126984,0,0.0196428571428571,"No"
"PARK7",0.00892857142857142,0.000395833333333341,0.0248015873015873,"No"
"PARP1",0.00912698412698413,0,0.033531746031746,"No"
"PBLD",0.00793650793650794,0.000198412698412698,0.0244047619047619,"No"
"PCDH1",0.00376984126984127,0,0.0186507936507936,"No"
"PCDH17",0.00992063492063492,0.000198412698412698,0.0382946428571427,"No"
"PCOLCE",0.00297619047619048,0,0.0196428571428571,"No"
"PCSK9",0.00535714285714286,0,0.0226200396825395,"No"
"PDCD1",0.0192460317460317,0.00416666666666666,0.0410714285714286,"No"
"PDCD1LG2",0.0200396825396825,0.00714285714285714,0.0357142857142857,"Yes"
"PDCD5",0.0170634920634921,0.00436507936507936,0.0378978174603173,"No"
"PDCD6",0.00634920634920634,0,0.0206349206349206,"No"
"PDGFA",0.000595238095238095,0,0.0130952380952381,"No"
"PDGFB",0.000992063492063492,0,0.0119047619047619,"No"
"PDGFC",0.00773809523809524,0,0.0210327380952379,"No"
"PDGFRA",0.00714285714285714,0,0.0186507936507936,"No"
"PDGFRB",0.00436507936507936,0,0.0230168650793649,"No"
"PDLIM7",0.0174603174603175,0.00535714285714286,0.034127976190476,"Yes"
"PDP1",0.00595238095238095,0,0.0182539682539682,"No"
"PEAR1",0.00357142857142857,0,0.0206349206349206,"No"
"PEBP1",0.0130952380952381,0.00158730158730158,0.0339285714285714,"No"
"PECAM1",0.00178571428571429,0,0.0123015873015873,"No"
"PFDN2",0.0101190476190476,0.00158730158730158,0.0277777777777778,"No"
"PFKFB2",0.0138888888888889,0,0.0388888888888889,"No"
"PGF",0.00853174603174603,0,0.0293660714285713,"No"
"PGLYRP1",0.0166666666666667,0.00178571428571429,0.0406746031746032,"No"
"PHOSPHO1",0.00416666666666666,0,0.0200396825396825,"No"
"PI3",0.00357142857142857,0,0.0204365079365079,"No"
"PIGR",0.0121031746031746,0.00198412698412698,0.0285714285714286,"No"
"PIK3AP1",0.0172619047619047,0.00138888888888888,0.0438492063492063,"No"
"PIK3IP1",0.00416666666666667,0,0.0182549603174602,"No"
"PILRA",0.0111111111111111,0.000198412698412698,0.0357152777777776,"No"
"PILRB",0.0128968253968254,0.00218253968253968,0.0293650793650794,"No"
"PKLR",0.00396825396825397,0,0.0202390873015871,"No"
"PLA2G10",0.0107142857142857,0.00119047619047619,0.0273809523809524,"No"
"PLA2G15",0.0148809523809524,0.000595238095238093,0.0382936507936508,"No"
"PLA2G1B",0.00257936507936508,0,0.0190486111111109,"No"
"PLA2G2A",0.0121031746031746,0.00238095238095238,0.025,"No"
"PLA2G4A",0.00793650793650793,0,0.0257936507936508,"No"
"PLA2G7",0.0109126984126984,0.000595238095238093,0.026984126984127,"No"
"PLAT",0.00972222222222222,0,0.0321428571428571,"No"
"PLAU",0.014484126984127,0.00357142857142857,0.0277787698412697,"No"
"PLAUR",0.0232142857142857,0.00317361111111111,0.0458343253968252,"No"
"PLIN1",0.00634920634920634,0,0.0248015873015873,"No"
"PLIN3",0.0202380952380952,0.00714285714285714,0.039484126984127,"Yes"
"PLPBP",0.0126984126984127,0.00178571428571429,0.0327390873015871,"No"
"PLTP",0.0101190476190476,0.000595238095238093,0.032143849206349,"No"
"PLXDC1",0.00952380952380952,0.000198412698412698,0.034127976190476,"No"
"PLXNA4",0.00376984126984127,0,0.0212301587301587,"No"
"PLXNB2",0.00595238095238095,0,0.0238095238095238,"No"
"PLXNB3",0.00912698412698412,0.000595238095238095,0.0236111111111111,"No"
"PM20D1",0.00674603174603175,0,0.0236111111111111,"No"
"PMVK",0.00654761904761904,0,0.0307549603174601,"No"
"PNLIPRP2",0.00555555555555555,0,0.0188492063492063,"No"
"PNPT1",0.00238095238095238,0,0.0117063492063492,"No"
"PODXL",0.0206349206349206,0.00714285714285714,0.0404771825396824,"Yes"
"PODXL2",0.00694444444444445,0,0.0216269841269841,"No"
"POLR2F",0.016468253968254,0.00178571428571429,0.0410714285714286,"No"
"PON2",0.00297619047619048,0,0.0194444444444444,"No"
"PON3",0.00595238095238095,0,0.0283730158730159,"No"
"PPCDC",0.00416666666666667,0,0.0192963789682538,"No"
"PPIB",0.00178571428571429,0,0.0188492063492063,"No"
"PPM1A",0.0101190476190476,0.00119047619047619,0.0242320188492062,"No"
"PPME1",0.00277777777777777,0,0.0208343253968252,"No"
"PPP1R12A",0.0166666666666667,0.00178571428571429,0.0434523809523809,"No"
"PPP1R2",0.019047619047619,0.00178571428571429,0.0468253968253968,"No"
"PPP1R9B",0.0140873015873016,0,0.0476190476190476,"No"
"PPP3R1",0.00654761904761905,0,0.0220238095238095,"No"
"PPY",0.00734126984126984,0,0.0218263888888887,"No"
"PQBP1",0.0126984126984127,0.00178571428571429,0.0400793650793651,"No"
"PRCP",0.00555555555555555,0,0.0172628968253967,"No"
"PRDX1",0.0146825396825397,0.00376884920634921,0.0327380952380952,"No"
"PRDX3",0.0113095238095238,0.00178571428571429,0.0281755952380951,"No"
"PRDX5",0.0277777777777778,0.00277678571428572,0.0575396825396825,"No"
"PRDX6",0.000595238095238093,0,0.00992063492063491,"No"
"PREB",0.00793650793650793,0,0.025,"No"
"PRELP",0.00277777777777778,0,0.019047619047619,"No"
"PRKAB1",0.0103174603174603,0.000595238095238093,0.0303571428571428,"No"
"PRKAR1A",0.00654761904761905,0,0.0351200396825395,"No"
"PRKCQ",0.0214285714285714,0.00714285714285714,0.0412698412698412,"Yes"
"PRKRA",0.0212301587301587,0.00158730158730158,0.0482172619047614,"No"
"PRL",0.00476190476190476,0,0.0180555555555555,"No"
"PROC",0.0113095238095238,0.000595238095238093,0.0329365079365079,"No"
"PROK1",0.00634920634920635,0,0.0196428571428571,"No"
"PRSS2",0.0103174603174603,0.000595238095238093,0.0392857142857143,"No"
"PRSS27",0.00496031746031746,0,0.0186507936507936,"No"
"PRSS8",0.0115079365079365,0.00118948412698413,0.028968253968254,"No"
"PRTFDC1",0.00714285714285714,0,0.0242063492063492,"No"
"PRTG",0.00714285714285714,0,0.0206359126984125,"No"
"PRTN3",0.0128968253968254,0.000793650793650791,0.0365079365079365,"No"
"PSG1",0.00615079365079365,0,0.0232142857142857,"No"
"PSIP1",0.00674603174603175,0,0.0238095238095238,"No"
"PSMA1",0.0285714285714286,0.00297619047619047,0.055159722222222,"No"
"PSMD9",0.00734126984126984,0,0.0299613095238094,"No"
"PSME1",0.0113095238095238,0.000992063492063492,0.032143849206349,"No"
"PSME2",0.00972222222222222,0.000396825396825395,0.0253968253968254,"No"
"PSMG3",0.00793650793650794,0,0.0259920634920635,"No"
"PSPN",0.00992063492063492,0.00138888888888889,0.023015873015873,"No"
"PSRC1",0.00277777777777778,0,0.0107142857142857,"No"
"PTEN",0.00714285714285714,0,0.0244047619047619,"No"
"PTGDS",0.010515873015873,0.000992063492063492,0.0305565476190475,"No"
"PTH1R",0.00575396825396826,0,0.0234126984126984,"No"
"PTK7",0.0283730158730159,0.0103164682539683,0.0496031746031746,"Yes"
"PTN",0.00873015873015873,0,0.0251984126984127,"No"
"PTPN1",0.0188492063492063,0.00277777777777777,0.042063492063492,"No"
"PTPN6",0.0196428571428571,0.000992063492063489,0.0458343253968252,"No"
"PTPRF",0.00912698412698413,0.000198412698412698,0.0299603174603174,"No"
"PTPRM",0.00238095238095238,0,0.0226190476190476,"No"
"PTPRN2",0.00535714285714286,0,0.0212301587301587,"No"
"PTPRS",0.00714285714285714,0,0.0248015873015873,"No"
"PTS",0.00753968253968254,0,0.0240089285714284,"No"
"PTX3",0.0111111111111111,0.000991071428571434,0.0347232142857141,"No"
"PVALB",0.00515873015873015,0,0.0224206349206349,"No"
"PVR",0.0136904761904762,0.00238095238095238,0.0327380952380952,"No"
"PXN",0.0194444444444444,0.00198412698412698,0.0496031746031746,"No"
"QDPR",0.00575396825396825,0,0.019047619047619,"No"
"QPCT",0.0119047619047619,0.00119047619047619,0.0299603174603174,"No"
"RAB37",0.00178571428571429,0,0.0142857142857143,"No"
"RAB6A",0.00892857142857143,0,0.0351200396825395,"No"
"RAB6B",0.00714285714285714,0,0.0206354166666666,"No"
"RABEPK",0,0,0.00714484126984096,"No"
"RABGAP1L",0.00357142857142857,0,0.0196428571428571,"No"
"RAD23B",0.0121031746031746,0,0.0357172619047614,"No"
"RANGAP1",0.0113095238095238,0.00178571428571429,0.0273829365079362,"No"
"RARRES1",0.016468253968254,0.00178472222222223,0.0359136904761903,"No"
"RARRES2",0.0192460317460317,0.00357142857142857,0.0426597222222221,"No"
"RASA1",0.0117063492063492,0.00178571428571428,0.0283730158730159,"No"
"RASSF2",0.0200396825396825,0.000595238095238093,0.0513888888888889,"No"
"RBKS",0.00793650793650793,0,0.0313492063492063,"No"
"RBP2",0.0107142857142857,0.00178571428571429,0.028968253968254,"No"
"RBP5",0.0128968253968254,0.000595238095238095,0.0406746031746032,"No"
"RCOR1",0.00912698412698412,0.000396825396825395,0.0367229249338624,"No"
"REG1A",0.0142857142857143,0.00178571428571429,0.0327380952380952,"No"
"REG1B",0.0152777777777778,0,0.0375,"No"
"REG3A",0.0182539682539682,0.0057529761904762,0.040080357142857,"Yes"
"REG4",0.00446428571428571,0,0.0253988095238092,"No"
"RELT",0.00535714285714285,0,0.0212301587301587,"No"
"REN",0.00317460317460317,0,0.0178571428571429,"No"
"RET",0.00734126984126984,0.000198412698412698,0.021031746031746,"No"
"RETN",0.0117063492063492,0,0.0376984126984127,"No"
"RGMA",0.00396825396825397,0,0.0246031746031746,"No"
"RGMB",0.00277777777777778,0,0.0154761904761905,"No"
"RGS8",0.016468253968254,0.00297619047619047,0.039484126984127,"No"
"RHOC",0,0,0.00357142857142857,"No"
"RILP",0.00357142857142857,0,0.0188492063492063,"No"
"RNASE3",0.0158730158730159,0.00357142857142857,0.0351190476190476,"No"
"RNASET2",0.0103174603174603,0.000793650793650791,0.0283730158730159,"No"
"RNF41",0.0101190476190476,0,0.0321428571428571,"No"
"ROBO1",0.00833333333333333,0.000198412698412698,0.0234126984126984,"No"
"ROBO2",0.00496031746031746,0,0.0192460317460317,"No"
"ROR1",0.00734126984126984,0,0.0208333333333333,"No"
"RP2",0.00793650793650793,0,0.0236111111111111,"No"
"RRM2",0.00694444444444444,0,0.0333333333333333,"No"
"RRM2B",0.00892857142857142,0,0.0299613095238094,"No"
"RSPO1",0.0130952380952381,0.00178571428571429,0.0355168650793649,"No"
"RSPO3",0.0115079365079365,0.000197420634920644,0.0359126984126984,"No"
"RTBDN",0.0202380952380952,0.00674603174603174,0.0369057539682538,"Yes"
"RTN4R",0.00714285714285715,0,0.0309533730158729,"No"
"RUVBL1",0.0109126984126984,0.00178571428571429,0.0255952380952381,"No"
"RWDD1",0.0107142857142857,0.00138888888888889,0.0273809523809524,"No"
"S100A11",0.030952380952381,0.0039672619047619,0.061112103174603,"No"
"S100A12",0.0162698412698413,0,0.0452380952380952,"No"
"S100A16",0.00912698412698412,0,0.0238095238095238,"No"
"S100A4",0.00833333333333333,0.000198412698412698,0.0253968253968254,"No"
"S100P",0.0206349206349206,0.000198412698412698,0.0488095238095238,"No"
"SAMD9L",0.0121031746031746,0.00178571428571428,0.0412698412698412,"No"
"SCAMP3",0.0184523809523809,0.00238095238095238,0.0450396825396825,"No"
"SCARA5",0.00119047619047619,0,0.0148809523809524,"No"
"SCARB1",0.00634920634920635,0,0.0267857142857143,"No"
"SCARB2",0.0148809523809524,0.00238095238095238,0.0428571428571428,"No"
"SCARF1",0.00952380952380952,0,0.0301587301587302,"No"
"SCARF2",0.00714285714285714,0,0.0234126984126984,"No"
"SCG2",0.00456349206349206,0,0.0214285714285714,"No"
"SCG3",0.00753968253968253,0,0.035515873015873,"No"
"SCGB1A1",0.0121031746031746,0.00178571428571429,0.0347222222222222,"No"
"SCGB3A2",0.00218253968253968,0,0.0107152777777776,"No"
"SCGN",0.00873015873015873,0.000595238095238095,0.0240079365079365,"No"
"SCLY",0.00674603174603175,0,0.0206349206349206,"No"
"SCP2",0.00238095238095238,0,0.0140873015873016,"No"
"SCRN1",0.0142857142857143,0.00277777777777778,0.0301587301587302,"No"
"SDC1",0.0148809523809524,0.00297619047619048,0.0351190476190476,"No"
"SDC4",0.000793650793650791,0,0.0162708333333332,"No"
"SELE",0.0170634920634921,0.0045625,0.0422619047619048,"No"
"SELP",0.00297619047619048,0,0.0242073412698411,"No"
"SELPLG",0.00119047619047619,0,0.0160714285714286,"No"
"SEMA3F",0.00694444444444444,0,0.0277787698412697,"No"
"SEMA4C",0.00694444444444444,0,0.0194444444444444,"No"
"SEMA4D",0.00476190476190476,0,0.02559623015873,"No"
"SEMA7A",0.0113095238095238,0.00158730158730159,0.028968253968254,"No"
"SEPTIN9",0.0208333333333333,0.00714285714285714,0.0398809523809524,"Yes"
"SERPINA11",0.00555555555555555,0,0.0236111111111111,"No"
"SERPINA12",0.00674603174603174,0,0.0238095238095238,"No"
"SERPINA9",0.00535714285714286,0,0.0154761904761905,"No"
"SERPINB1",0.0206349206349206,0.000595238095238093,0.0470238095238095,"No"
"SERPINB5",0.014484126984127,0.00277777777777777,0.0339295634920633,"No"
"SERPINB6",0.0154761904761905,0.00357142857142857,0.0329374999999998,"No"
"SERPINB8",0.0329365079365079,0.00853174603174602,0.0569444444444444,"Yes"
"SERPINB9",0.0178571428571428,0.00218253968253967,0.0388888888888889,"No"
"SERPINE1",0.00575396825396825,0,0.0172619047619048,"No"
"SESTD1",0.00932539682539682,0,0.0303571428571428,"No"
"SETMAR",0.00654761904761904,0,0.0279761904761905,"No"
"SEZ6L",0.00853174603174603,0,0.0323412698412698,"No"
"SEZ6L2",0.0122023809523809,0.00178571428571429,0.028968253968254,"No"
"SF3B4",0.0148809523809524,0.00277777777777778,0.0373015873015873,"No"
"SFRP1",0.00853174603174603,0,0.0283730158730159,"No"
"SFTPA1",0.0109126984126984,0.00178571428571429,0.0277787698412697,"No"
"SFTPA2",0.00992063492063491,0,0.0297619047619047,"No"
"SFTPD",0.0142857142857143,0.00119047619047619,0.0369047619047619,"No"
"SH2B3",0.00773809523809524,0,0.021627976190476,"No"
"SH2D1A",0.0142857142857143,0.00357142857142857,0.0329365079365079,"No"
"SHMT1",0.00654761904761904,0,0.0335327380952379,"No"
"SIAE",0.00654761904761905,0,0.0281746031746032,"No"
"SIGLEC1",0.0148809523809524,0.00357142857142857,0.0309523809523809,"No"
"SIGLEC10",0.0152777777777778,0.00357142857142857,0.0325396825396825,"No"
"SIGLEC15",0.0128968253968254,0.00238095238095238,0.0329365079365079,"No"
"SIGLEC5",0.025,0.010514880952381,0.0422619047619048,"Yes"
"SIGLEC6",0.026984126984127,0.00892757936507936,0.0517857142857143,"Yes"
"SIGLEC7",0.0178571428571429,0.00555555555555555,0.0339285714285714,"Yes"
"SIGLEC9",0.00634920634920634,0,0.0271825396825397,"No"
"SIRPA",0.0148809523809524,0.00416666666666667,0.0287698412698413,"No"
"SIRPB1",0.00972222222222223,0,0.0267857142857143,"No"
"SIRT2",0.0101190476190476,0.000595238095238095,0.0265873015873016,"No"
"SIRT5",0.014484126984127,0,0.0388888888888889,"No"
"SIT1",0.00734126984126984,0.000198412698412698,0.0198412698412698,"No"
"SKAP1",0.00694444444444444,0,0.0196428571428571,"No"
"SKAP2",0.00912698412698412,0.000595238095238093,0.0230168650793649,"No"
"SLAMF1",0.0234126984126984,0.00932539682539682,0.0390873015873016,"Yes"
"SLAMF6",0.00337301587301587,0,0.016468253968254,"No"
"SLAMF7",0.00416666666666667,0,0.0218263888888887,"No"
"SLAMF8",0.00178571428571429,0,0.00773809523809524,"No"
"SLC16A1",0.000396825396825395,0,0.023612103174603,"No"
"SLC27A4",0.0130952380952381,0.00198412698412698,0.0357142857142857,"No"
"SLC39A14",0.00813492063492063,0,0.0261904761904762,"No"
"SLC39A5",0.0160714285714286,0.00416666666666667,0.0343253968253968,"No"
"SLIT2",0.00297619047619047,0,0.0222232142857141,"No"
"SLITRK2",0.00396825396825397,0,0.0226190476190476,"No"
"SLITRK6",0.0056547619047619,0,0.0293650793650793,"No"
"SMAD1",0.0111111111111111,0.00158730158730158,0.0277777777777778,"No"
"SMAD5",0.0132936507936508,0.00178571428571428,0.0402787698412697,"No"
"SMARCA2",0.00595238095238095,0,0.0251984126984127,"No"
"SMOC1",0.00654761904761904,0,0.0248015873015873,"No"
"SMOC2",0.00634920634920635,0,0.0283740079365078,"No"
"SMPD1",0.00396825396825397,0,0.029563492063492,"No"
"SMPDL3A",0.0138888888888889,0.00257936507936508,0.0349216269841268,"No"
"SNAP23",0.00674603174603174,0,0.0257946428571427,"No"
"SNAP29",0.0176587301587302,0.00535714285714286,0.0345248015873014,"Yes"
"SNCG",0.0357142857142857,0.0178571428571429,0.0553571428571428,"Yes"
"SNX9",0.0186507936507936,0.00654761904761905,0.0357142857142857,"Yes"
"SOD1",0.00833333333333333,0,0.0299603174603175,"No"
"SOD2",0.00535714285714286,0,0.0208333333333333,"No"
"SORCS2",0.0107142857142857,0.00178571428571429,0.026984126984127,"No"
"SORD",0.00734126984126984,0,0.0277777777777778,"No"
"SORT1",0.0119047619047619,0,0.0432539682539682,"No"
"SOST",0.00317460317460317,0,0.0117063492063492,"No"
"SPARC",0.000396825396825395,0,0.0113095238095238,"No"
"SPARCL1",0.00277777777777778,0,0.0214285714285714,"No"
"SPINK1",0.00773809523809523,0,0.0253968253968254,"No"
"SPINK4",0.00932539682539682,0.00119047619047619,0.0220238095238095,"No"
"SPINK5",0.00952380952380952,0.00119047619047619,0.0234136904761903,"No"
"SPINK6",0.00813492063492063,0.000595238095238093,0.0226200396825395,"No"
"SPINT1",0.0142857142857143,0.00238095238095238,0.0353184523809522,"No"
"SPINT2",0.00257936507936508,0,0.0261904761904762,"No"
"SPOCK1",0.00456349206349206,0,0.0192460317460317,"No"
"SPON1",0.00734126984126984,0,0.0311507936507936,"No"
"SPON2",0.00773809523809524,0,0.0251984126984127,"No"
"SPP1",0.00238095238095237,0,0.0307539682539682,"No"
"SPRY2",0.00535714285714286,0,0.0267867063492062,"No"
"SRC",0.00952380952380952,0,0.0281755952380951,"No"
"SRP14",0.0234126984126984,0.00178571428571429,0.0488095238095238,"No"
"SRPK2",0.0228174603174603,0.00198313492063492,0.0513898809523808,"No"
"SSB",0.00714285714285714,0,0.0299603174603174,"No"
"SSC4D",0.00992063492063492,0.00119047619047619,0.0238095238095238,"No"
"SSC5D",0.0107142857142857,0.00138888888888889,0.0291666666666667,"No"
"ST3GAL1",0.0111111111111111,0.00178571428571429,0.0293660714285713,"No"
"ST6GAL1",0.00535714285714286,0,0.0184543650793648,"No"
"STAMBP",0.0134920634920635,0.00178571428571429,0.0325406746031744,"No"
"STAT5B",0.0138888888888889,0.00119047619047619,0.0359126984126984,"No"
"STC1",0.00793650793650794,0,0.0232142857142857,"No"
"STC2",0.00634920634920635,0,0.025,"No"
"STIP1",0.00575396825396825,0,0.0246041666666665,"No"
"STK11",0.00595238095238095,0,0.0226190476190476,"No"
"STK24",0.0228174603174603,0.00892857142857143,0.0396825396825397,"Yes"
"STK4",0.0265873015873016,0.00853075396825397,0.052580357142857,"Yes"
"STX16",0.00178571428571429,0,0.0251984126984127,"No"
"STX4",0,0,0.00535714285714286,"No"
"STX6",0.00753968253968253,0,0.02559623015873,"No"
"STX8",0.0160714285714286,0.00138888888888888,0.0408730158730158,"No"
"STXBP3",0.00456349206349206,0,0.0216269841269841,"No"
"SUGT1",0.0182539682539682,0.00535714285714286,0.0351190476190476,"Yes"
"SULT1A1",0.00694444444444444,0,0.0232152777777776,"No"
"SULT2A1",0.00892857142857142,0,0.0295634920634921,"No"
"SUMF2",0.00357142857142857,0,0.0152777777777778,"No"
"SUSD1",0.00198412698412698,0,0.0156746031746032,"No"
"SUSD2",0.00515873015873016,0,0.0261904761904762,"No"
"TACC3",0.0142857142857143,0.00257936507936508,0.0313501984126982,"No"
"TACSTD2",0.00932539682539681,0.000992063492063492,0.0291666666666666,"No"
"TAFA5",0.0134920634920635,0.00297619047619048,0.0287698412698413,"No"
"TANK",0.00714285714285714,0,0.0297619047619047,"No"
"TARBP2",0.00158730158730159,0,0.0123015873015873,"No"
"TBC1D17",0.0117063492063492,0.00178571428571429,0.0287698412698413,"No"
"TBC1D23",0.014484126984127,0.00178571428571429,0.0367063492063492,"No"
"TBC1D5",0.0101190476190476,0.000595238095238093,0.0325396825396825,"No"
"TBCB",0.00892857142857143,0.000595238095238093,0.0248015873015873,"No"
"TBCC",0.0152777777777778,0.00178571428571429,0.0392857142857143,"No"
"TBL1X",0.0130952380952381,0.000992063492063492,0.0357142857142857,"No"
"TCL1A",0.0119047619047619,0.00178571428571429,0.0285714285714286,"No"
"TCL1B",0.00138888888888889,0,0.00892857142857143,"No"
"TCN2",0.00436507936507937,0,0.0202380952380952,"No"
"TDGF1",0.000198412698412698,0,0.00773908730158714,"No"
"TDRKH",0.0170634920634921,0.00178571428571429,0.0392857142857143,"No"
"TEK",0.00654761904761904,0,0.0242063492063492,"No"
"TFF1",0.00535714285714285,0,0.0184523809523809,"No"
"TFF2",0.0119047619047619,0.00178571428571429,0.0297619047619048,"No"
"TFF3",0.0107142857142857,0.00119047619047619,0.025,"No"
"TFPI",0.00694444444444444,0,0.0222222222222222,"No"
"TFPI2",0.00317460317460317,0,0.0238095238095238,"No"
"TFRC",0.0158730158730159,0.00178571428571429,0.0369048859126984,"No"
"TGFA",0.010515873015873,0.000396825396825395,0.0373025793650792,"No"
"TGFB1",0.00138888888888888,0,0.0160714285714286,"No"
"TGFBI",0.00119047619047619,0,0.0170654761904759,"No"
"TGFBR2",0.00972222222222222,0.000991071428571434,0.0271835317460316,"No"
"TGFBR3",0.00357142857142857,0,0.0198412698412698,"No"
"TGM2",0.0130952380952381,0.00257936507936508,0.0291666666666667,"No"
"THBD",0.00972222222222222,0.000793650793650791,0.026984126984127,"No"
"THBS2",0.00257936507936507,0,0.0196428571428571,"No"
"THBS4",0.00892857142857143,0.000198412698412698,0.0291666666666667,"No"
"THOP1",0.0109126984126984,0.00119047619047619,0.026984126984127,"No"
"THPO",0.00753968253968254,0,0.0386914682539681,"No"
"THY1",0.0178571428571429,0.0057529761904762,0.0337311507936506,"Yes"
"TIA1",0.016468253968254,0,0.0392857142857143,"No"
"TIE1",0.0138888888888889,0.000992063492063489,0.0325396825396825,"No"
"TIGAR",0.0154761904761905,0.00238095238095238,0.0363095238095238,"No"
"TIMD4",0.00892857142857143,0.000792658730158737,0.0236111111111111,"No"
"TIMP1",0.00892857142857143,0.000595238095238095,0.0234126984126984,"No"
"TIMP3",0.00793650793650794,0,0.0261904761904762,"No"
"TIMP4",0.00357142857142857,0,0.0146825396825397,"No"
"TINAGL1",0.0174975198412698,0.00418311838624339,0.035515873015873,"No"
"TJAP1",0.00535714285714286,0,0.0212301587301587,"No"
"TLR3",0.00178571428571429,0,0.0146825396825397,"No"
"TMPRSS15",0.00654761904761904,0,0.0182549603174602,"No"
"TMPRSS5",0.00674603174603174,0,0.0244047619047619,"No"
"TMSB10",0.0234126984126984,0.00833333333333333,0.0478184523809522,"Yes"
"TNC",0.0117063492063492,0.00138888888888889,0.028968253968254,"No"
"TNF",0.0236111111111111,0.00714285714285714,0.044643849206349,"Yes"
"TNFAIP8",0.00396825396825397,0,0.0232142857142857,"No"
"TNFRSF10A",0.0172619047619048,0.0049593253968254,0.0345238095238095,"No"
"TNFRSF10B",0.014484126984127,0.00099206349206349,0.0402777777777778,"No"
"TNFRSF10C",0.00337301587301587,0,0.0142857142857143,"No"
"TNFRSF11A",0.0204365079365079,0.00634920634920635,0.0396835317460316,"Yes"
"TNFRSF11B",0.0117063492063492,0.00178571428571429,0.0271825396825397,"No"
"TNFRSF12A",0.00853174603174603,0.000595238095238095,0.0218263888888887,"No"
"TNFRSF13B",0.0109126984126984,0.00138888888888889,0.0299603174603174,"No"
"TNFRSF13C",0.0130952380952381,0.00237996031746032,0.0305555555555555,"No"
"TNFRSF14",0.00892857142857143,0,0.0273809523809524,"No"
"TNFRSF19",0.00575396825396825,0,0.0222222222222222,"No"
"TNFRSF1A",0.0156746031746032,0.00317460317460318,0.0371041666666665,"No"
"TNFRSF1B",0.0214285714285714,0.00357142857142857,0.0452380952380952,"No"
"TNFRSF21",0.00793650793650793,0,0.0361111111111111,"No"
"TNFRSF4",0.0152777777777778,0.00297619047619047,0.0408730158730159,"No"
"TNFRSF6B",0.0204365079365079,0.00476190476190476,0.0418660714285713,"No"
"TNFRSF8",0.0182539682539682,0.00436507936507936,0.0418650793650793,"No"
"TNFRSF9",0.0172619047619048,0.00376984126984127,0.040080357142857,"No"
"TNFSF10",0.00992063492063492,0.00119047619047619,0.0273809523809524,"No"
"TNFSF11",0.0130952380952381,0.00119047619047619,0.0357142857142857,"No"
"TNFSF12",0.00793650793650793,0.000396825396825395,0.0269851190476189,"No"
"TNFSF13",0.00833333333333333,0.000396825396825395,0.0224206349206349,"No"
"TNFSF13B",0.0107142857142857,0,0.0343263888888887,"No"
"TNFSF14",0.0142857142857143,0,0.0376984126984127,"No"
"TNNI3",0.0154761904761905,0.00416666666666667,0.0297619047619048,"No"
"TNR",0.00178571428571428,0,0.0172619047619048,"No"
"TNXB",0.00595238095238095,0,0.0246031746031746,"No"
"TP53",0.00634920634920635,0,0.0214285714285714,"No"
"TP53INP1",0.014484126984127,0.00178571428571429,0.0371041666666665,"No"
"TPMT",0.0107142857142857,0.00178571428571429,0.0238095238095238,"No"
"TPP1",0.0115079365079365,0.00138888888888889,0.028968253968254,"No"
"TPPP3",0.00892857142857143,0,0.025,"No"
"TPSAB1",0.00317460317460317,0,0.0226190476190476,"No"
"TPT1",0.00773809523809523,0,0.0238095238095238,"No"
"TRAF2",0.0123015873015873,0.00238095238095238,0.0279761904761905,"No"
"TREM2",0.0162698412698413,0.00158730158730158,0.0416676587301586,"No"
"TREML2",0.00873015873015873,0,0.0426587301587301,"No"
"TRIAP1",0.0115079365079365,0.000793650793650791,0.0339285714285714,"No"
"TRIM21",0.0174603174603175,0.00178571428571429,0.0418670634920632,"No"
"TRIM5",0.0168650793650794,0.00396825396825397,0.0390882936507935,"No"
"TSHB",0.00813492063492063,0,0.0265873015873016,"No"
"TSLP",0.00654761904761904,0,0.0232142857142857,"No"
"TSPAN1",0.00952380952380952,0.000396825396825395,0.0307539682539682,"No"
"TST",0.00476190476190476,0,0.0160714285714286,"No"
"TXLNA",0.0128968253968254,0.000793650793650791,0.0418650793650793,"No"
"TXNDC15",0.00615079365079364,0,0.0376984126984127,"No"
"TXNDC5",0.0182539682539683,0.00634920634920635,0.0345238095238095,"Yes"
"TXNRD1",0.00912698412698413,0.000595238095238093,0.0283740079365078,"No"
"TYMP",0.0146825396825397,0.00198412698412698,0.0384930555555554,"No"
"TYRO3",0.00714285714285714,0,0.0222222222222222,"No"
"UBAC1",0.00595238095238095,0,0.0246031746031746,"No"
"ULBP2",0.0140873015873016,0.00178472222222223,0.0355168650793649,"No"
"UMOD",0.0128968253968254,0.00238095238095238,0.0293660714285713,"No"
"USO1",0.0115079365079365,0.00178571428571429,0.0309523809523809,"No"
"USP8",0.00932539682539682,0,0.0380952380952381,"No"
"UXS1",0.00317460317460317,0,0.0162698412698413,"No"
"VAMP5",0.00714285714285714,0,0.0277777777777778,"No"
"VASH1",0.0138888888888889,0.000793650793650791,0.0349216269841268,"No"
"VASN",0.00476190476190476,0,0.0279761904761905,"No"
"VAT1",0.00912698412698412,0.000595238095238093,0.0299603174603175,"No"
"VCAM1",0.0109126984126984,0.00178571428571429,0.0251984126984127,"No"
"VCAN",0.0142857142857143,0.00337301587301587,0.0299603174603175,"No"
"VEGFA",0.0111111111111111,0.00099206349206349,0.0327390873015871,"No"
"VEGFC",0.00396825396825397,0,0.0281746031746032,"No"
"VEGFD",0.00357142857142857,0,0.0144851190476189,"No"
"VIM",0.0196428571428571,0.00119047619047619,0.0456359126984125,"No"
"VMO1",0.00833333333333333,0.000198412698412698,0.0240079365079365,"No"
"VNN2",0.0150793650793651,0.00178571428571428,0.0335327380952379,"No"
"VPS37A",0.00753968253968253,0.000198412698412698,0.0208333333333333,"No"
"VPS53",0.0238095238095238,0.00595238095238094,0.0438492063492063,"Yes"
"VSIG4",0.0132936507936508,0.00277777777777778,0.0299603174603175,"No"
"VSIR",0.0170634920634921,0.00476190476190476,0.0359136904761903,"No"
"VSTM1",0.0115079365079365,0,0.0327380952380952,"No"
"VSTM2L",0.00456349206349206,0,0.0152777777777778,"No"
"VTA1",0.00793650793650794,0,0.0244047619047619,"No"
"VTCN1",0.00714285714285714,0,0.0240079365079365,"No"
"VWA1",0.00595238095238095,0,0.019048611111111,"No"
"VWC2",0.0134920634920635,0.00178571428571429,0.0388898809523808,"No"
"VWF",0.0101190476190476,0.000595238095238093,0.0285724206349205,"No"
"WARS",0.0107142857142857,0.00119047619047619,0.0321428571428571,"No"
"WAS",0.0148809523809524,0.00277777777777778,0.0323412698412698,"No"
"WASF1",0.00595238095238095,0,0.0208333333333333,"No"
"WASF3",0.00198412698412698,0,0.0119047619047619,"No"
"WFDC12",0.0115079365079365,0.00138888888888888,0.0285714285714286,"No"
"WFDC2",0.00575396825396825,0,0.0190486111111109,"No"
"WFIKKN1",0.00456349206349206,0,0.0140882936507935,"No"
"WFIKKN2",0.00773809523809523,0,0.0293650793650794,"No"
"WIF1",0.00376984126984127,0,0.0154771825396824,"No"
"WISP1",0.00337301587301586,0,0.0232142857142857,"No"
"WISP2",0.00178571428571429,0,0.0103174603174603,"No"
"WNT9A",0.0134920634920635,0.00257837301587302,0.0357142857142857,"No"
"WWP2",0.0182539682539682,0.00198412698412698,0.0442470238095236,"No"
"XCL1",0.0242063492063492,0.00753968253968254,0.0444444444444444,"Yes"
"XG",0.00773809523809523,0,0.026984126984127,"No"
"XPNPEP2",0.00674603174603175,0,0.0180555555555555,"No"
"XRCC4",0.00664682539682539,0,0.0253968253968254,"No"
"YES1",0.0168650793650794,0.00396825396825397,0.0351190476190476,"No"
"YTHDF3",0.00238095238095238,0,0.014484126984127,"No"
"ZBTB16",0.00436507936507936,0,0.0303571428571428,"No"
"ZBTB17",0.025,0.00277777777777777,0.0470238095238095,"No"
